grid_row,grid_col,count,approx_lat,approx_lon,Bus,MÃ©tro,Tram
-821,-587,24,48.952736,2.223874,0.0,0.0,0.0
-695,-612,24,49.235858,2.134849,0.0,0.0,0.0
-688,-84,24,49.251588,4.015056,0.0,0.0,0.0
-179,42,9,50.39531,4.463742,0.0,0.0,0.0
-75,354,74,50.628998,5.574774,0.0,0.0,0.0
-67,363,6,50.646974,5.606824,0.0,0.0,0.0
-40,-25,24,50.707643,4.225156,0.0,0.0,0.0
-20,-15,50,50.752584,4.260766,0.0,0.0,0.0
-15,18,24,50.763818,4.378278,0.0,0.0,0.0
-11,7,47,50.772806,4.339108,0.0,0.0,0.0
-10,11,95,50.775054,4.353352,0.0,0.0,0.0
-10,15,9,50.775054,4.367596,0.0,0.0,0.0
-9,8,38,50.7773,4.342668,1.0,0.0,0.0
-9,11,24,50.7773,4.353352,2.0,0.0,0.0
-8,3,261,50.779548,4.324864,0.0,0.0,1.0
-8,5,1,50.779548,4.331986,4.0,0.0,0.0
-8,9,6,50.779548,4.34623,0.0,0.0,0.0
-7,3,131,50.781794,4.324864,0.0,0.0,0.0
-7,7,38,50.781794,4.339108,0.0,0.0,0.0
-7,8,24,50.781794,4.342668,2.0,0.0,0.0
-7,11,24,50.781794,4.353352,0.0,0.0,0.0
-7,18,2,50.781794,4.378278,0.0,0.0,0.0
-6,3,24,50.784042,4.324864,0.0,0.0,0.0
-6,4,310,50.784042,4.328425,2.0,0.0,2.0
-6,5,17,50.784042,4.331986,4.0,0.0,0.0
-6,7,10,50.784042,4.339108,0.0,0.0,0.0
-6,12,24,50.784042,4.356912,0.0,0.0,0.0
-6,16,1,50.784042,4.371157,0.0,0.0,0.0
-6,17,124,50.784042,4.374718,0.0,0.0,0.0
-6,18,27,50.784042,4.378278,6.0,0.0,0.0
-5,1,24,50.786288,4.317742,0.0,0.0,0.0
-5,6,15,50.786288,4.335546,0.0,0.0,0.0
-5,11,48,50.786288,4.353352,0.0,0.0,0.0
-5,17,13,50.786288,4.374718,3.0,0.0,0.0
-5,18,815,50.786288,4.378278,0.0,0.0,0.0
-5,20,1,50.786288,4.3854,0.0,0.0,0.0
-5,31,101,50.786288,4.424572,1.0,0.0,0.0
-4,5,269,50.788536,4.331986,0.0,0.0,1.0
-4,6,276,50.788536,4.335546,5.0,0.0,1.0
-4,14,23,50.788536,4.364034,0.0,0.0,0.0
-4,29,11,50.788536,4.41745,0.0,0.0,0.0
-4,30,143,50.788536,4.42101,1.0,0.0,0.0
-4,31,153,50.788536,4.424572,0.0,0.0,0.0
-3,1,10,50.790782,4.317742,0.0,0.0,1.0
-3,3,48,50.790782,4.324864,0.0,0.0,0.0
-3,5,205,50.790782,4.331986,6.0,0.0,2.0
-3,7,14,50.790782,4.339108,2.0,0.0,0.0
-3,8,37,50.790782,4.342668,1.0,0.0,0.0
-3,14,17,50.790782,4.364034,0.0,0.0,0.0
-3,31,118,50.790782,4.424572,0.0,0.0,0.0
-2,-2,24,50.793029,4.307058,0.0,0.0,0.0
-2,2,17,50.793029,4.321302,0.0,0.0,2.0
-2,4,48,50.793029,4.328425,2.0,0.0,0.0
-2,5,82,50.793029,4.331986,1.0,0.0,0.0
-2,6,24,50.793029,4.335546,1.0,0.0,1.0
-2,7,45,50.793029,4.339108,0.0,0.0,0.0
-2,9,2,50.793029,4.34623,1.0,0.0,0.0
-2,10,1,50.793029,4.34979,1.0,0.0,0.0
-2,11,4,50.793029,4.353352,4.0,0.0,0.0
-2,13,24,50.793029,4.360474,2.0,0.0,0.0
-2,15,14,50.793029,4.367596,2.0,0.0,2.0
-2,18,3,50.793029,4.378278,0.0,0.0,0.0
-2,29,166,50.793029,4.41745,4.0,0.0,0.0
-2,30,19,50.793029,4.42101,2.0,0.0,0.0
-1,-5,1,50.795276,4.296376,0.0,0.0,0.0
-1,-2,24,50.795276,4.307058,0.0,0.0,0.0
-1,0,24,50.795276,4.31418,0.0,0.0,0.0
-1,1,2,50.795276,4.317742,1.0,0.0,1.0
-1,2,186,50.795276,4.321302,5.0,0.0,4.0
-1,3,12,50.795276,4.324864,5.0,0.0,2.0
-1,4,24,50.795276,4.328425,0.0,0.0,0.0
-1,5,1,50.795276,4.331986,0.0,0.0,0.0
-1,6,229,50.795276,4.335546,1.0,0.0,1.0
-1,9,22,50.795276,4.34623,0.0,0.0,0.0
-1,10,1,50.795276,4.34979,2.0,0.0,1.0
-1,11,19,50.795276,4.353352,2.0,0.0,2.0
-1,14,19,50.795276,4.364034,2.0,0.0,1.0
-1,15,60,50.795276,4.367596,2.0,0.0,0.0
-1,16,6,50.795276,4.371157,2.0,0.0,0.0
-1,17,4,50.795276,4.374718,5.0,0.0,0.0
-1,25,89,50.795276,4.403206,0.0,0.0,0.0
-1,26,171,50.795276,4.406766,2.0,0.0,2.0
-1,28,70,50.795276,4.413889,0.0,0.0,2.0
-1,29,73,50.795276,4.41745,1.0,0.0,0.0
0,-3,24,50.797524,4.303498,0.0,0.0,0.0
0,-1,486,50.797524,4.31062,0.0,0.0,0.0
0,0,144,50.797524,4.31418,1.0,0.0,0.0
0,4,8,50.797524,4.328425,2.0,0.0,2.0
0,5,93,50.797524,4.331986,0.0,0.0,0.0
0,6,125,50.797524,4.335546,2.0,0.0,2.0
0,7,1,50.797524,4.339108,0.0,0.0,0.0
0,16,14,50.797524,4.371157,0.0,0.0,0.0
0,17,2,50.797524,4.374718,4.0,0.0,0.0
0,23,193,50.797524,4.396084,2.0,0.0,0.0
0,24,71,50.797524,4.399644,0.0,0.0,2.0
0,25,91,50.797524,4.403206,0.0,0.0,0.0
0,27,448,50.797524,4.410328,0.0,0.0,0.0
0,28,174,50.797524,4.413889,0.0,0.0,0.0
0,29,269,50.797524,4.41745,2.0,0.0,2.0
1,-6,24,50.79977,4.292814,0.0,0.0,0.0
1,-1,24,50.79977,4.31062,0.0,0.0,0.0
1,0,83,50.79977,4.31418,1.0,0.0,0.0
1,1,36,50.79977,4.317742,2.0,0.0,2.0
1,2,18,50.79977,4.321302,0.0,0.0,0.0
1,4,9,50.79977,4.328425,2.0,0.0,0.0
1,6,2,50.79977,4.335546,3.0,0.0,3.0
1,7,11,50.79977,4.339108,1.0,0.0,1.0
1,8,11,50.79977,4.342668,0.0,0.0,1.0
1,11,46,50.79977,4.353352,0.0,0.0,0.0
1,12,2,50.79977,4.356912,4.0,0.0,0.0
1,17,533,50.79977,4.374718,1.0,0.0,0.0
1,18,10,50.79977,4.378278,3.0,0.0,0.0
1,20,12,50.79977,4.3854,0.0,0.0,0.0
1,22,19,50.79977,4.392522,0.0,0.0,0.0
1,24,59,50.79977,4.399644,0.0,0.0,0.0
1,25,75,50.79977,4.403206,0.0,0.0,0.0
1,26,346,50.79977,4.406766,0.0,0.0,0.0
1,28,20,50.79977,4.413889,2.0,0.0,0.0
1,29,299,50.79977,4.41745,1.0,0.0,0.0
1,30,4,50.79977,4.42101,0.0,0.0,0.0
1,31,24,50.79977,4.424572,0.0,0.0,0.0
2,-7,18,50.802018,4.289254,0.0,0.0,0.0
2,-1,24,50.802018,4.31062,0.0,0.0,0.0
2,0,80,50.802018,4.31418,2.0,0.0,2.0
2,1,839,50.802018,4.317742,0.0,0.0,0.0
2,2,484,50.802018,4.321302,0.0,0.0,0.0
2,4,4,50.802018,4.328425,0.0,0.0,0.0
2,6,276,50.802018,4.335546,1.0,0.0,1.0
2,7,20,50.802018,4.339108,0.0,0.0,1.0
2,8,21,50.802018,4.342668,5.0,0.0,0.0
2,11,3,50.802018,4.353352,0.0,0.0,0.0
2,13,25,50.802018,4.360474,1.0,0.0,0.0
2,17,273,50.802018,4.374718,3.0,0.0,0.0
2,21,162,50.802018,4.388962,2.0,0.0,2.0
2,22,182,50.802018,4.392522,2.0,0.0,2.0
2,23,185,50.802018,4.396084,2.0,0.0,0.0
2,24,102,50.802018,4.399644,0.0,0.0,0.0
2,25,1,50.802018,4.403206,0.0,0.0,0.0
2,26,65,50.802018,4.406766,0.0,0.0,0.0
2,28,133,50.802018,4.413889,2.0,0.0,0.0
2,29,68,50.802018,4.41745,1.0,0.0,0.0
2,30,240,50.802018,4.42101,1.0,0.0,2.0
2,31,79,50.802018,4.424572,0.0,0.0,0.0
2,32,164,50.802018,4.428132,0.0,0.0,0.0
2,33,31,50.802018,4.431694,0.0,0.0,0.0
2,34,11,50.802018,4.435254,0.0,0.0,0.0
2,35,24,50.802018,4.438816,0.0,0.0,0.0
3,-1,467,50.804264,4.31062,0.0,0.0,0.0
3,0,293,50.804264,4.31418,0.0,0.0,0.0
3,1,51,50.804264,4.317742,0.0,0.0,0.0
3,6,26,50.804264,4.335546,1.0,0.0,1.0
3,7,29,50.804264,4.339108,0.0,0.0,0.0
3,8,258,50.804264,4.342668,3.0,0.0,2.0
3,10,16,50.804264,4.34979,4.0,0.0,0.0
3,12,80,50.804264,4.356912,2.0,0.0,0.0
3,13,24,50.804264,4.360474,5.0,0.0,0.0
3,15,4,50.804264,4.367596,2.0,0.0,0.0
3,16,952,50.804264,4.371157,0.0,0.0,0.0
3,18,38,50.804264,4.378278,0.0,0.0,0.0
3,23,13,50.804264,4.396084,0.0,0.0,0.0
3,24,111,50.804264,4.399644,2.0,0.0,0.0
3,26,131,50.804264,4.406766,1.0,0.0,0.0
3,27,36,50.804264,4.410328,0.0,0.0,0.0
3,28,14,50.804264,4.413889,0.0,0.0,0.0
3,29,2,50.804264,4.41745,0.0,0.0,0.0
3,30,137,50.804264,4.42101,0.0,0.0,0.0
3,31,249,50.804264,4.424572,0.0,0.0,0.0
3,32,90,50.804264,4.428132,0.0,0.0,2.0
3,34,166,50.804264,4.435254,0.0,0.0,0.0
3,35,247,50.804264,4.438816,0.0,0.0,0.0
4,-7,24,50.806512,4.289254,0.0,0.0,0.0
4,-1,195,50.806512,4.31062,0.0,0.0,0.0
4,0,27,50.806512,4.31418,2.0,0.0,2.0
4,1,10,50.806512,4.317742,0.0,0.0,0.0
4,2,4,50.806512,4.321302,0.0,0.0,0.0
4,3,357,50.806512,4.324864,2.0,0.0,0.0
4,5,28,50.806512,4.331986,0.0,0.0,0.0
4,6,15,50.806512,4.335546,2.0,0.0,2.0
4,7,40,50.806512,4.339108,1.0,0.0,0.0
4,12,43,50.806512,4.356912,2.0,0.0,0.0
4,13,6,50.806512,4.360474,0.0,0.0,0.0
4,15,5,50.806512,4.367596,2.0,0.0,0.0
4,16,12,50.806512,4.371157,4.0,0.0,0.0
4,17,18,50.806512,4.374718,0.0,0.0,0.0
4,18,74,50.806512,4.378278,0.0,0.0,0.0
4,19,51,50.806512,4.38184,0.0,0.0,0.0
4,20,151,50.806512,4.3854,0.0,0.0,0.0
4,21,95,50.806512,4.388962,0.0,0.0,2.0
4,22,62,50.806512,4.392522,0.0,0.0,0.0
4,23,56,50.806512,4.396084,0.0,0.0,0.0
4,25,60,50.806512,4.403206,0.0,0.0,0.0
4,26,266,50.806512,4.406766,1.0,0.0,0.0
4,27,32,50.806512,4.410328,0.0,0.0,0.0
4,28,171,50.806512,4.413889,0.0,0.0,0.0
4,30,156,50.806512,4.42101,0.0,0.0,0.0
4,35,143,50.806512,4.438816,0.0,0.0,0.0
5,-7,48,50.808758,4.289254,0.0,0.0,0.0
5,-4,24,50.808758,4.299936,0.0,0.0,0.0
5,-3,24,50.808758,4.303498,0.0,0.0,0.0
5,-1,178,50.808758,4.31062,0.0,0.0,0.0
5,0,425,50.808758,4.31418,0.0,0.0,0.0
5,1,234,50.808758,4.317742,0.0,0.0,1.0
5,2,36,50.808758,4.321302,2.0,0.0,0.0
5,3,256,50.808758,4.324864,2.0,0.0,0.0
5,4,24,50.808758,4.328425,1.0,0.0,0.0
5,5,10,50.808758,4.331986,0.0,0.0,0.0
5,6,218,50.808758,4.335546,0.0,0.0,1.0
5,7,60,50.808758,4.339108,0.0,0.0,0.0
5,8,35,50.808758,4.342668,0.0,0.0,0.0
5,10,24,50.808758,4.34979,0.0,0.0,0.0
5,13,2,50.808758,4.360474,0.0,0.0,0.0
5,14,11,50.808758,4.364034,1.0,0.0,0.0
5,15,5,50.808758,4.367596,0.0,0.0,0.0
5,16,6,50.808758,4.371157,4.0,0.0,0.0
5,18,69,50.808758,4.378278,0.0,0.0,0.0
5,19,123,50.808758,4.38184,0.0,0.0,0.0
5,20,73,50.808758,4.3854,0.0,0.0,0.0
5,21,200,50.808758,4.388962,0.0,0.0,0.0
5,22,158,50.808758,4.392522,0.0,0.0,0.0
5,23,236,50.808758,4.396084,0.0,0.0,0.0
5,24,28,50.808758,4.399644,2.0,0.0,0.0
5,25,100,50.808758,4.403206,1.0,0.0,0.0
5,28,264,50.808758,4.413889,0.0,0.0,0.0
5,29,7,50.808758,4.41745,1.0,0.0,0.0
5,30,391,50.808758,4.42101,0.0,0.0,0.0
5,31,56,50.808758,4.424572,0.0,0.0,0.0
5,32,51,50.808758,4.428132,0.0,0.0,2.0
5,33,166,50.808758,4.431694,0.0,0.0,0.0
5,35,304,50.808758,4.438816,0.0,0.0,0.0
5,36,308,50.808758,4.442376,1.0,0.0,0.0
5,37,48,50.808758,4.445938,0.0,0.0,0.0
6,-9,230,50.811006,4.282132,0.0,0.0,0.0
6,-7,3,50.811006,4.289254,1.0,0.0,0.0
6,-5,48,50.811006,4.296376,0.0,0.0,0.0
6,-3,24,50.811006,4.303498,1.0,0.0,0.0
6,0,423,50.811006,4.31418,0.0,0.0,0.0
6,1,138,50.811006,4.317742,5.0,0.0,3.0
6,2,7,50.811006,4.321302,0.0,0.0,0.0
6,3,178,50.811006,4.324864,1.0,0.0,0.0
6,4,148,50.811006,4.328425,2.0,0.0,0.0
6,5,2,50.811006,4.331986,0.0,0.0,0.0
6,6,317,50.811006,4.335546,0.0,0.0,0.0
6,7,104,50.811006,4.339108,4.0,0.0,1.0
6,8,11,50.811006,4.342668,0.0,0.0,0.0
6,9,2,50.811006,4.34623,0.0,0.0,1.0
6,10,49,50.811006,4.34979,0.0,0.0,0.0
6,11,100,50.811006,4.353352,0.0,0.0,6.0
6,12,6,50.811006,4.356912,2.0,0.0,3.0
6,13,89,50.811006,4.360474,0.0,0.0,1.0
6,14,73,50.811006,4.364034,3.0,0.0,1.0
6,15,638,50.811006,4.367596,6.0,0.0,2.0
6,16,114,50.811006,4.371157,0.0,0.0,0.0
6,18,123,50.811006,4.378278,1.0,0.0,0.0
6,19,72,50.811006,4.38184,1.0,0.0,0.0
6,20,85,50.811006,4.3854,0.0,0.0,2.0
6,21,118,50.811006,4.388962,0.0,0.0,0.0
6,22,115,50.811006,4.392522,2.0,0.0,0.0
6,23,40,50.811006,4.396084,2.0,0.0,0.0
6,24,87,50.811006,4.399644,1.0,0.0,0.0
6,25,281,50.811006,4.403206,2.0,0.0,0.0
6,27,91,50.811006,4.410328,2.0,0.0,0.0
6,29,386,50.811006,4.41745,3.0,0.0,0.0
6,30,49,50.811006,4.42101,0.0,0.0,0.0
6,31,175,50.811006,4.424572,0.0,0.0,0.0
6,32,129,50.811006,4.428132,0.0,0.0,2.0
6,33,38,50.811006,4.431694,2.0,0.0,0.0
6,34,310,50.811006,4.435254,2.0,0.0,0.0
6,35,236,50.811006,4.438816,3.0,0.0,0.0
7,-12,5,50.813252,4.271448,0.0,0.0,0.0
7,-11,19,50.813252,4.27501,0.0,0.0,0.0
7,-8,6,50.813252,4.285693,0.0,0.0,0.0
7,-5,24,50.813252,4.296376,0.0,0.0,0.0
7,-4,30,50.813252,4.299936,0.0,0.0,0.0
7,-3,1,50.813252,4.303498,0.0,0.0,0.0
7,-2,300,50.813252,4.307058,3.0,0.0,0.0
7,1,302,50.813252,4.317742,0.0,0.0,0.0
7,2,237,50.813252,4.321302,2.0,0.0,2.0
7,3,13,50.813252,4.324864,2.0,0.0,2.0
7,4,14,50.813252,4.328425,0.0,0.0,0.0
7,5,5,50.813252,4.331986,2.0,0.0,0.0
7,6,14,50.813252,4.335546,0.0,0.0,0.0
7,7,5,50.813252,4.339108,2.0,0.0,2.0
7,8,2,50.813252,4.342668,0.0,0.0,0.0
7,9,176,50.813252,4.34623,0.0,0.0,2.0
7,10,3,50.813252,4.34979,0.0,0.0,3.0
7,11,26,50.813252,4.353352,0.0,0.0,1.0
7,12,143,50.813252,4.356912,1.0,0.0,0.0
7,13,28,50.813252,4.360474,0.0,0.0,0.0
7,14,1,50.813252,4.364034,0.0,0.0,0.0
7,15,1,50.813252,4.367596,0.0,0.0,0.0
7,16,3,50.813252,4.371157,0.0,0.0,0.0
7,17,2,50.813252,4.374718,0.0,0.0,0.0
7,18,273,50.813252,4.378278,0.0,0.0,0.0
7,19,26,50.813252,4.38184,0.0,0.0,0.0
7,20,100,50.813252,4.3854,3.0,0.0,2.0
7,21,62,50.813252,4.388962,0.0,0.0,0.0
7,22,10,50.813252,4.392522,0.0,0.0,0.0
7,23,436,50.813252,4.396084,0.0,0.0,0.0
7,24,46,50.813252,4.399644,0.0,0.0,0.0
7,25,67,50.813252,4.403206,1.0,0.0,0.0
7,26,27,50.813252,4.406766,0.0,0.0,0.0
7,27,134,50.813252,4.410328,1.0,0.0,0.0
7,28,40,50.813252,4.413889,1.0,0.0,0.0
7,29,2,50.813252,4.41745,2.0,0.0,0.0
7,30,247,50.813252,4.42101,3.0,2.0,0.0
7,32,444,50.813252,4.428132,8.0,2.0,0.0
7,33,2,50.813252,4.431694,3.0,0.0,0.0
7,34,221,50.813252,4.435254,3.0,0.0,0.0
7,35,319,50.813252,4.438816,1.0,0.0,0.0
8,-13,305,50.8155,4.267888,2.0,2.0,0.0
8,-11,28,50.8155,4.27501,2.0,0.0,0.0
8,-9,110,50.8155,4.282132,1.0,1.0,0.0
8,-8,35,50.8155,4.285693,0.0,0.0,0.0
8,-7,132,50.8155,4.289254,8.0,2.0,0.0
8,-6,60,50.8155,4.292814,1.0,0.0,0.0
8,-5,59,50.8155,4.296376,1.0,0.0,0.0
8,-2,310,50.8155,4.307058,1.0,0.0,0.0
8,-1,24,50.8155,4.31062,0.0,0.0,0.0
8,0,5,50.8155,4.31418,0.0,0.0,0.0
8,1,1,50.8155,4.317742,0.0,0.0,0.0
8,3,3,50.8155,4.324864,0.0,0.0,0.0
8,6,201,50.8155,4.335546,4.0,0.0,1.0
8,7,291,50.8155,4.339108,2.0,0.0,0.0
8,8,194,50.8155,4.342668,0.0,0.0,0.0
8,9,175,50.8155,4.34623,0.0,0.0,0.0
8,10,389,50.8155,4.34979,0.0,0.0,2.0
8,11,460,50.8155,4.353352,0.0,0.0,0.0
8,13,13,50.8155,4.360474,0.0,0.0,0.0
8,14,281,50.8155,4.364034,0.0,0.0,0.0
8,15,627,50.8155,4.367596,6.0,0.0,2.0
8,16,533,50.8155,4.371157,0.0,0.0,4.0
8,17,45,50.8155,4.374718,2.0,0.0,1.0
8,18,177,50.8155,4.378278,0.0,0.0,1.0
8,19,161,50.8155,4.38184,0.0,0.0,1.0
8,20,86,50.8155,4.3854,1.0,0.0,0.0
8,21,264,50.8155,4.388962,2.0,0.0,0.0
8,22,73,50.8155,4.392522,0.0,0.0,0.0
8,27,489,50.8155,4.410328,0.0,2.0,0.0
8,28,87,50.8155,4.413889,0.0,0.0,0.0
8,29,189,50.8155,4.41745,2.0,0.0,0.0
8,30,24,50.8155,4.42101,0.0,0.0,0.0
8,31,301,50.8155,4.424572,2.0,0.0,2.0
8,32,6,50.8155,4.428132,2.0,0.0,0.0
8,33,796,50.8155,4.431694,0.0,0.0,0.0
8,35,16,50.8155,4.438816,0.0,0.0,0.0
9,-16,4,50.817746,4.257204,0.0,0.0,0.0
9,-15,409,50.817746,4.260766,0.0,0.0,0.0
9,-14,129,50.817746,4.264326,1.0,0.0,0.0
9,-10,266,50.817746,4.27857,4.0,0.0,0.0
9,-9,38,50.817746,4.282132,1.0,1.0,0.0
9,-8,1,50.817746,4.285693,0.0,0.0,0.0
9,-6,128,50.817746,4.292814,1.0,0.0,0.0
9,-5,140,50.817746,4.296376,1.0,0.0,0.0
9,-4,18,50.817746,4.299936,1.0,0.0,0.0
9,-2,24,50.817746,4.307058,1.0,0.0,0.0
9,0,1,50.817746,4.31418,0.0,0.0,0.0
9,2,289,50.817746,4.321302,3.0,0.0,0.0
9,3,205,50.817746,4.324864,2.0,0.0,2.0
9,4,170,50.817746,4.328425,0.0,0.0,0.0
9,5,228,50.817746,4.331986,0.0,0.0,0.0
9,6,493,50.817746,4.335546,0.0,0.0,1.0
9,7,119,50.817746,4.339108,0.0,0.0,0.0
9,8,8,50.817746,4.342668,1.0,0.0,0.0
9,9,81,50.817746,4.34623,0.0,0.0,2.0
9,10,14,50.817746,4.34979,0.0,0.0,1.0
9,11,238,50.817746,4.353352,2.0,0.0,0.0
9,12,391,50.817746,4.356912,0.0,0.0,0.0
9,13,5,50.817746,4.360474,0.0,0.0,0.0
9,14,168,50.817746,4.364034,4.0,0.0,0.0
9,15,330,50.817746,4.367596,1.0,0.0,0.0
9,16,367,50.817746,4.371157,0.0,0.0,1.0
9,17,41,50.817746,4.374718,0.0,0.0,0.0
9,18,119,50.817746,4.378278,0.0,0.0,1.0
9,19,30,50.817746,4.38184,1.0,0.0,1.0
9,20,139,50.817746,4.3854,0.0,0.0,0.0
9,21,186,50.817746,4.388962,0.0,0.0,0.0
9,22,131,50.817746,4.392522,2.0,0.0,0.0
9,23,26,50.817746,4.396084,4.0,0.0,0.0
9,24,226,50.817746,4.399644,5.0,0.0,0.0
9,25,268,50.817746,4.403206,3.0,2.0,0.0
9,26,68,50.817746,4.406766,5.0,0.0,0.0
9,27,131,50.817746,4.410328,1.0,0.0,0.0
9,28,25,50.817746,4.413889,2.0,0.0,0.0
9,29,186,50.817746,4.41745,0.0,0.0,0.0
9,30,147,50.817746,4.42101,6.0,0.0,0.0
9,31,376,50.817746,4.424572,3.0,0.0,0.0
9,33,4,50.817746,4.431694,0.0,0.0,0.0
9,34,1,50.817746,4.435254,1.0,0.0,0.0
9,35,186,50.817746,4.438816,0.0,0.0,0.0
9,38,304,50.817746,4.449498,2.0,0.0,2.0
10,-10,50,50.819993,4.27857,0.0,0.0,0.0
10,-9,147,50.819993,4.282132,4.0,0.0,0.0
10,-8,49,50.819993,4.285693,0.0,0.0,0.0
10,-6,117,50.819993,4.292814,2.0,1.0,0.0
10,-5,2,50.819993,4.296376,0.0,0.0,0.0
10,-4,35,50.819993,4.299936,1.0,0.0,0.0
10,-3,134,50.819993,4.303498,0.0,0.0,0.0
10,-2,168,50.819993,4.307058,2.0,0.0,0.0
10,-1,1,50.819993,4.31062,0.0,0.0,0.0
10,0,304,50.819993,4.31418,0.0,0.0,0.0
10,1,25,50.819993,4.317742,0.0,0.0,0.0
10,2,54,50.819993,4.321302,0.0,0.0,0.0
10,3,199,50.819993,4.324864,3.0,0.0,2.0
10,4,249,50.819993,4.328425,0.0,0.0,0.0
10,5,469,50.819993,4.331986,0.0,0.0,0.0
10,6,415,50.819993,4.335546,3.0,0.0,2.0
10,7,167,50.819993,4.339108,2.0,0.0,0.0
10,8,331,50.819993,4.342668,2.0,0.0,3.0
10,9,34,50.819993,4.34623,0.0,0.0,0.0
10,10,95,50.819993,4.34979,0.0,0.0,1.0
10,11,282,50.819993,4.353352,0.0,0.0,0.0
10,12,142,50.819993,4.356912,0.0,0.0,0.0
10,13,949,50.819993,4.360474,6.0,0.0,0.0
10,14,146,50.819993,4.364034,0.0,0.0,0.0
10,15,368,50.819993,4.367596,1.0,0.0,0.0
10,16,379,50.819993,4.371157,0.0,0.0,2.0
10,17,96,50.819993,4.374718,0.0,0.0,0.0
10,18,194,50.819993,4.378278,3.0,0.0,0.0
10,19,233,50.819993,4.38184,0.0,0.0,3.0
10,20,35,50.819993,4.3854,0.0,0.0,0.0
10,21,266,50.819993,4.388962,0.0,0.0,0.0
10,22,46,50.819993,4.392522,0.0,0.0,0.0
10,25,8,50.819993,4.403206,0.0,0.0,0.0
10,26,102,50.819993,4.406766,2.0,1.0,0.0
10,27,252,50.819993,4.410328,2.0,0.0,0.0
10,28,46,50.819993,4.413889,5.0,0.0,0.0
10,29,24,50.819993,4.41745,0.0,0.0,0.0
10,30,82,50.819993,4.42101,0.0,0.0,0.0
10,31,99,50.819993,4.424572,0.0,0.0,0.0
10,32,257,50.819993,4.428132,1.0,0.0,2.0
10,33,24,50.819993,4.431694,0.0,0.0,0.0
11,-14,24,50.82224,4.264326,0.0,0.0,0.0
11,-9,3,50.82224,4.282132,0.0,0.0,0.0
11,-8,92,50.82224,4.285693,4.0,0.0,0.0
11,-7,144,50.82224,4.289254,0.0,0.0,0.0
11,-6,79,50.82224,4.292814,0.0,1.0,0.0
11,-5,30,50.82224,4.296376,2.0,0.0,0.0
11,-4,33,50.82224,4.299936,0.0,0.0,0.0
11,-3,86,50.82224,4.303498,0.0,0.0,0.0
11,0,23,50.82224,4.31418,0.0,0.0,0.0
11,1,435,50.82224,4.317742,1.0,0.0,0.0
11,2,156,50.82224,4.321302,3.0,0.0,0.0
11,3,88,50.82224,4.324864,1.0,0.0,0.0
11,4,216,50.82224,4.328425,2.0,0.0,0.0
11,5,160,50.82224,4.331986,0.0,0.0,0.0
11,6,20,50.82224,4.335546,1.0,0.0,0.0
11,8,335,50.82224,4.342668,3.0,0.0,1.0
11,9,67,50.82224,4.34623,2.0,0.0,0.0
11,10,139,50.82224,4.34979,0.0,0.0,0.0
11,11,244,50.82224,4.353352,6.0,0.0,2.0
11,12,286,50.82224,4.356912,0.0,0.0,0.0
11,13,270,50.82224,4.360474,0.0,0.0,0.0
11,14,250,50.82224,4.364034,2.0,0.0,0.0
11,15,569,50.82224,4.367596,1.0,0.0,1.0
11,16,13,50.82224,4.371157,0.0,0.0,0.0
11,17,159,50.82224,4.374718,0.0,0.0,0.0
11,18,40,50.82224,4.378278,0.0,0.0,0.0
11,19,4,50.82224,4.38184,0.0,0.0,0.0
11,20,260,50.82224,4.3854,0.0,0.0,0.0
11,21,239,50.82224,4.388962,3.0,0.0,2.0
11,22,41,50.82224,4.392522,3.0,0.0,0.0
11,23,37,50.82224,4.396084,0.0,0.0,0.0
11,25,201,50.82224,4.403206,0.0,0.0,0.0
11,26,229,50.82224,4.406766,4.0,1.0,0.0
11,29,2,50.82224,4.41745,0.0,0.0,0.0
11,31,8,50.82224,4.424572,0.0,0.0,0.0
11,33,190,50.82224,4.431694,0.0,0.0,0.0
11,41,280,50.82224,4.460182,0.0,0.0,0.0
11,42,22,50.82224,4.463742,0.0,0.0,0.0
12,-11,18,50.824488,4.27501,0.0,0.0,0.0
12,-10,122,50.824488,4.27857,0.0,0.0,0.0
12,-9,19,50.824488,4.282132,0.0,0.0,2.0
12,-8,64,50.824488,4.285693,1.0,0.0,0.0
12,-7,53,50.824488,4.289254,2.0,0.0,0.0
12,-6,188,50.824488,4.292814,0.0,0.0,0.0
12,-5,194,50.824488,4.296376,4.0,2.0,0.0
12,-4,59,50.824488,4.299936,0.0,0.0,0.0
12,-3,102,50.824488,4.303498,0.0,0.0,0.0
12,-2,2,50.824488,4.307058,1.0,0.0,0.0
12,-1,185,50.824488,4.31062,3.0,0.0,0.0
12,0,46,50.824488,4.31418,0.0,0.0,0.0
12,1,24,50.824488,4.317742,1.0,0.0,0.0
12,2,14,50.824488,4.321302,0.0,0.0,0.0
12,3,302,50.824488,4.324864,3.0,0.0,2.0
12,4,578,50.824488,4.328425,1.0,0.0,2.0
12,5,464,50.824488,4.331986,2.0,0.0,1.0
12,6,150,50.824488,4.335546,4.0,0.0,2.0
12,7,162,50.824488,4.339108,2.0,0.0,2.0
12,8,552,50.824488,4.342668,0.0,0.0,0.0
12,9,232,50.824488,4.34623,0.0,0.0,2.0
12,10,276,50.824488,4.34979,4.0,0.0,2.0
12,11,300,50.824488,4.353352,1.0,0.0,1.0
12,12,308,50.824488,4.356912,2.0,0.0,3.0
12,13,486,50.824488,4.360474,0.0,0.0,0.0
12,14,238,50.824488,4.364034,0.0,0.0,0.0
12,15,459,50.824488,4.367596,2.0,0.0,1.0
12,16,99,50.824488,4.371157,0.0,0.0,0.0
12,17,139,50.824488,4.374718,4.0,0.0,0.0
12,18,201,50.824488,4.378278,0.0,0.0,0.0
12,19,23,50.824488,4.38184,1.0,0.0,0.0
12,20,31,50.824488,4.3854,2.0,0.0,0.0
12,22,83,50.824488,4.392522,0.0,0.0,2.0
12,24,224,50.824488,4.399644,4.0,0.0,0.0
12,27,294,50.824488,4.410328,0.0,0.0,0.0
12,28,175,50.824488,4.413889,2.0,0.0,0.0
12,30,15,50.824488,4.42101,0.0,0.0,0.0
12,31,91,50.824488,4.424572,0.0,0.0,0.0
12,33,159,50.824488,4.431694,0.0,0.0,2.0
12,37,17,50.824488,4.445938,0.0,0.0,0.0
12,40,179,50.824488,4.456621,0.0,0.0,0.0
12,41,42,50.824488,4.460182,0.0,0.0,0.0
12,42,2,50.824488,4.463742,0.0,0.0,0.0
12,45,10,50.824488,4.474426,0.0,0.0,0.0
13,-12,184,50.826734,4.271448,0.0,0.0,0.0
13,-11,250,50.826734,4.27501,0.0,0.0,0.0
13,-9,3,50.826734,4.282132,0.0,0.0,0.0
13,-8,23,50.826734,4.285693,0.0,0.0,2.0
13,-7,49,50.826734,4.289254,5.0,0.0,2.0
13,-6,28,50.826734,4.292814,1.0,0.0,0.0
13,-5,65,50.826734,4.296376,3.0,0.0,0.0
13,-4,29,50.826734,4.299936,2.0,0.0,0.0
13,-3,62,50.826734,4.303498,2.0,0.0,0.0
13,-2,5,50.826734,4.307058,0.0,0.0,0.0
13,-1,1,50.826734,4.31062,0.0,0.0,0.0
13,0,62,50.826734,4.31418,0.0,0.0,0.0
13,1,24,50.826734,4.317742,0.0,0.0,0.0
13,3,21,50.826734,4.324864,0.0,0.0,0.0
13,4,341,50.826734,4.328425,2.0,0.0,2.0
13,5,16,50.826734,4.331986,0.0,0.0,0.0
13,6,516,50.826734,4.335546,0.0,0.0,0.0
13,7,159,50.826734,4.339108,0.0,0.0,0.0
13,8,33,50.826734,4.342668,2.0,0.0,3.0
13,9,460,50.826734,4.34623,0.0,0.0,3.0
13,10,155,50.826734,4.34979,4.0,0.0,0.0
13,11,417,50.826734,4.353352,2.0,0.0,2.0
13,12,819,50.826734,4.356912,0.0,0.0,0.0
13,13,595,50.826734,4.360474,0.0,0.0,0.0
13,14,830,50.826734,4.364034,2.0,0.0,4.0
13,15,174,50.826734,4.367596,0.0,0.0,2.0
13,16,358,50.826734,4.371157,5.0,0.0,2.0
13,17,114,50.826734,4.374718,1.0,0.0,0.0
13,18,46,50.826734,4.378278,1.0,0.0,0.0
13,19,68,50.826734,4.38184,2.0,0.0,0.0
13,20,345,50.826734,4.3854,0.0,0.0,0.0
13,21,268,50.826734,4.388962,0.0,0.0,0.0
13,23,59,50.826734,4.396084,5.0,0.0,2.0
13,24,36,50.826734,4.399644,0.0,0.0,0.0
13,25,63,50.826734,4.403206,0.0,1.0,0.0
13,26,181,50.826734,4.406766,0.0,0.0,0.0
13,28,87,50.826734,4.413889,1.0,0.0,0.0
13,29,210,50.826734,4.41745,1.0,0.0,0.0
13,33,31,50.826734,4.431694,0.0,0.0,0.0
13,37,156,50.826734,4.445938,2.0,0.0,2.0
13,39,24,50.826734,4.45306,0.0,0.0,0.0
13,40,160,50.826734,4.456621,2.0,0.0,0.0
13,41,39,50.826734,4.460182,0.0,0.0,0.0
13,42,53,50.826734,4.463742,0.0,0.0,0.0
13,45,24,50.826734,4.474426,0.0,0.0,0.0
14,-9,47,50.828982,4.282132,2.0,0.0,0.0
14,-8,140,50.828982,4.285693,2.0,0.0,0.0
14,-6,157,50.828982,4.292814,2.0,0.0,2.0
14,-5,63,50.828982,4.296376,0.0,0.0,0.0
14,-4,145,50.828982,4.299936,6.0,2.0,0.0
14,-3,190,50.828982,4.303498,5.0,0.0,0.0
14,-2,138,50.828982,4.307058,0.0,0.0,0.0
14,-1,7,50.828982,4.31062,0.0,0.0,0.0
14,0,20,50.828982,4.31418,1.0,0.0,0.0
14,1,277,50.828982,4.317742,1.0,0.0,0.0
14,4,152,50.828982,4.328425,1.0,0.0,1.0
14,5,246,50.828982,4.331986,1.0,0.0,1.0
14,6,260,50.828982,4.335546,2.0,0.0,0.0
14,7,479,50.828982,4.339108,0.0,0.0,2.0
14,8,136,50.828982,4.342668,0.0,0.0,1.0
14,9,107,50.828982,4.34623,0.0,0.0,2.0
14,10,81,50.828982,4.34979,0.0,0.0,0.0
14,11,234,50.828982,4.353352,0.0,0.0,0.0
14,12,94,50.828982,4.356912,2.0,0.0,2.0
14,13,504,50.828982,4.360474,0.0,0.0,1.0
14,14,232,50.828982,4.364034,2.0,0.0,1.0
14,15,176,50.828982,4.367596,0.0,0.0,0.0
14,16,102,50.828982,4.371157,6.0,0.0,0.0
14,17,224,50.828982,4.374718,4.0,0.0,1.0
14,18,119,50.828982,4.378278,2.0,0.0,3.0
14,19,127,50.828982,4.38184,0.0,0.0,0.0
14,20,354,50.828982,4.3854,0.0,0.0,2.0
14,21,175,50.828982,4.388962,0.0,0.0,0.0
14,22,320,50.828982,4.392522,6.0,0.0,0.0
14,23,524,50.828982,4.396084,0.0,0.0,0.0
14,25,38,50.828982,4.403206,0.0,1.0,2.0
14,26,118,50.828982,4.406766,2.0,0.0,0.0
14,27,52,50.828982,4.410328,0.0,0.0,0.0
14,29,7,50.828982,4.41745,1.0,0.0,0.0
14,32,1,50.828982,4.428132,0.0,0.0,0.0
14,33,24,50.828982,4.431694,0.0,0.0,0.0
14,38,106,50.828982,4.449498,0.0,0.0,0.0
14,39,114,50.828982,4.45306,0.0,0.0,0.0
14,40,73,50.828982,4.456621,2.0,0.0,0.0
14,41,65,50.828982,4.460182,0.0,0.0,0.0
14,42,121,50.828982,4.463742,2.0,0.0,0.0
15,-16,33,50.831228,4.257204,0.0,0.0,0.0
15,-9,19,50.831228,4.282132,0.0,0.0,0.0
15,-7,38,50.831228,4.289254,2.0,0.0,0.0
15,-5,85,50.831228,4.296376,1.0,0.0,2.0
15,-4,13,50.831228,4.299936,2.0,0.0,0.0
15,-3,12,50.831228,4.303498,2.0,0.0,0.0
15,-2,27,50.831228,4.307058,0.0,0.0,0.0
15,-1,187,50.831228,4.31062,2.0,0.0,0.0
15,0,8,50.831228,4.31418,0.0,0.0,0.0
15,1,450,50.831228,4.317742,1.0,0.0,0.0
15,2,8,50.831228,4.321302,1.0,0.0,0.0
15,3,39,50.831228,4.324864,2.0,0.0,0.0
15,5,134,50.831228,4.331986,4.0,0.0,3.0
15,6,546,50.831228,4.335546,0.0,0.0,1.0
15,7,307,50.831228,4.339108,0.0,0.0,1.0
15,8,292,50.831228,4.342668,1.0,0.0,0.0
15,9,195,50.831228,4.34623,5.0,0.0,0.0
15,10,217,50.831228,4.34979,2.0,0.0,0.0
15,11,366,50.831228,4.353352,0.0,0.0,0.0
15,12,137,50.831228,4.356912,0.0,0.0,0.0
15,13,567,50.831228,4.360474,0.0,0.0,0.0
15,14,391,50.831228,4.364034,0.0,0.0,0.0
15,15,876,50.831228,4.367596,0.0,0.0,0.0
15,16,128,50.831228,4.371157,0.0,0.0,0.0
15,17,101,50.831228,4.374718,2.0,0.0,0.0
15,18,83,50.831228,4.378278,0.0,0.0,0.0
15,19,126,50.831228,4.38184,0.0,0.0,0.0
15,20,179,50.831228,4.3854,0.0,0.0,0.0
15,21,527,50.831228,4.388962,5.0,0.0,2.0
15,22,594,50.831228,4.392522,0.0,0.0,0.0
15,24,139,50.831228,4.399644,1.0,0.0,0.0
15,25,93,50.831228,4.403206,2.0,0.0,0.0
15,26,29,50.831228,4.406766,2.0,0.0,0.0
15,27,30,50.831228,4.410328,0.0,0.0,0.0
15,28,66,50.831228,4.413889,0.0,0.0,0.0
15,29,28,50.831228,4.41745,2.0,0.0,0.0
15,31,24,50.831228,4.424572,0.0,0.0,0.0
15,34,78,50.831228,4.435254,0.0,0.0,0.0
15,36,39,50.831228,4.442376,2.0,0.0,0.0
15,38,19,50.831228,4.449498,0.0,0.0,0.0
15,39,174,50.831228,4.45306,2.0,0.0,2.0
15,40,354,50.831228,4.456621,0.0,0.0,0.0
15,42,5,50.831228,4.463742,1.0,0.0,0.0
16,-9,59,50.833476,4.282132,2.0,0.0,0.0
16,-7,2,50.833476,4.289254,0.0,0.0,0.0
16,-6,22,50.833476,4.292814,0.0,0.0,0.0
16,-5,75,50.833476,4.296376,4.0,0.0,0.0
16,-4,76,50.833476,4.299936,0.0,0.0,0.0
16,-3,91,50.833476,4.303498,3.0,0.0,2.0
16,-2,100,50.833476,4.307058,1.0,0.0,0.0
16,-1,32,50.833476,4.31062,0.0,0.0,0.0
16,0,92,50.833476,4.31418,2.0,0.0,0.0
16,2,66,50.833476,4.321302,0.0,0.0,0.0
16,3,513,50.833476,4.324864,0.0,0.0,0.0
16,4,58,50.833476,4.328425,2.0,0.0,0.0
16,5,366,50.833476,4.331986,0.0,0.0,0.0
16,6,977,50.833476,4.335546,2.0,0.0,2.0
16,7,75,50.833476,4.339108,0.0,0.0,0.0
16,8,382,50.833476,4.342668,9.0,2.0,2.0
16,9,247,50.833476,4.34623,1.0,0.0,0.0
16,10,416,50.833476,4.34979,0.0,2.0,0.0
16,11,45,50.833476,4.353352,0.0,0.0,0.0
16,12,423,50.833476,4.356912,2.0,0.0,4.0
16,13,26,50.833476,4.360474,0.0,0.0,0.0
16,14,946,50.833476,4.364034,0.0,0.0,0.0
16,15,393,50.833476,4.367596,2.0,0.0,0.0
16,16,395,50.833476,4.371157,0.0,0.0,0.0
16,17,293,50.833476,4.374718,4.0,0.0,0.0
16,18,108,50.833476,4.378278,4.0,0.0,0.0
16,19,119,50.833476,4.38184,0.0,0.0,0.0
16,20,192,50.833476,4.3854,2.0,0.0,0.0
16,21,452,50.833476,4.388962,3.0,0.0,0.0
16,22,305,50.833476,4.392522,0.0,0.0,2.0
16,23,258,50.833476,4.396084,2.0,0.0,0.0
16,24,219,50.833476,4.399644,1.0,0.0,0.0
16,25,288,50.833476,4.403206,2.0,2.0,0.0
16,26,3,50.833476,4.406766,0.0,0.0,2.0
16,27,409,50.833476,4.410328,0.0,0.0,0.0
16,30,3,50.833476,4.42101,2.0,0.0,0.0
16,32,2,50.833476,4.428132,1.0,0.0,0.0
16,33,222,50.833476,4.431694,1.0,0.0,0.0
16,35,120,50.833476,4.438816,0.0,0.0,0.0
16,36,72,50.833476,4.442376,0.0,0.0,0.0
16,37,95,50.833476,4.445938,2.0,0.0,0.0
16,39,70,50.833476,4.45306,0.0,0.0,0.0
16,42,28,50.833476,4.463742,2.0,0.0,0.0
16,43,15,50.833476,4.467304,0.0,0.0,0.0
17,-12,539,50.835722,4.271448,1.0,0.0,0.0
17,-10,160,50.835722,4.27857,0.0,0.0,0.0
17,-8,284,50.835722,4.285693,0.0,0.0,0.0
17,-7,147,50.835722,4.289254,0.0,0.0,0.0
17,-6,88,50.835722,4.292814,0.0,0.0,0.0
17,-5,15,50.835722,4.296376,4.0,0.0,0.0
17,-4,364,50.835722,4.299936,4.0,0.0,0.0
17,-3,320,50.835722,4.303498,0.0,1.0,0.0
17,-2,347,50.835722,4.307058,3.0,1.0,2.0
17,-1,286,50.835722,4.31062,3.0,0.0,2.0
17,0,220,50.835722,4.31418,5.0,0.0,2.0
17,1,49,50.835722,4.317742,5.0,0.0,1.0
17,2,200,50.835722,4.321302,0.0,0.0,0.0
17,3,401,50.835722,4.324864,2.0,0.0,0.0
17,4,130,50.835722,4.328425,1.0,0.0,0.0
17,5,429,50.835722,4.331986,5.0,0.0,0.0
17,6,17,50.835722,4.335546,1.0,0.0,0.0
17,7,1278,50.835722,4.339108,8.0,2.0,4.0
17,8,299,50.835722,4.342668,0.0,0.0,0.0
17,9,367,50.835722,4.34623,1.0,0.0,0.0
17,10,368,50.835722,4.34979,0.0,0.0,0.0
17,11,451,50.835722,4.353352,0.0,2.0,1.0
17,12,1572,50.835722,4.356912,3.0,0.0,1.0
17,13,102,50.835722,4.360474,0.0,0.0,0.0
17,14,324,50.835722,4.364034,2.0,0.0,0.0
17,15,1427,50.835722,4.367596,0.0,0.0,0.0
17,16,345,50.835722,4.371157,3.0,0.0,0.0
17,17,343,50.835722,4.374718,1.0,0.0,0.0
17,18,249,50.835722,4.378278,3.0,0.0,0.0
17,19,357,50.835722,4.38184,2.0,0.0,0.0
17,20,283,50.835722,4.3854,2.0,0.0,0.0
17,21,246,50.835722,4.388962,2.0,0.0,0.0
17,22,542,50.835722,4.392522,0.0,0.0,0.0
17,23,205,50.835722,4.396084,0.0,0.0,0.0
17,24,178,50.835722,4.399644,0.0,0.0,0.0
17,25,268,50.835722,4.403206,0.0,0.0,0.0
17,26,77,50.835722,4.406766,0.0,0.0,0.0
17,27,260,50.835722,4.410328,0.0,0.0,1.0
17,28,304,50.835722,4.413889,2.0,0.0,2.0
17,29,100,50.835722,4.41745,0.0,0.0,0.0
17,30,160,50.835722,4.42101,1.0,0.0,2.0
17,31,23,50.835722,4.424572,0.0,0.0,0.0
17,32,139,50.835722,4.428132,3.0,0.0,2.0
17,33,9,50.835722,4.431694,0.0,0.0,0.0
17,34,34,50.835722,4.435254,1.0,0.0,1.0
17,35,23,50.835722,4.438816,0.0,0.0,0.0
17,40,143,50.835722,4.456621,0.0,0.0,2.0
17,44,24,50.835722,4.470864,0.0,0.0,0.0
18,-17,24,50.83797,4.253644,0.0,0.0,0.0
18,-11,294,50.83797,4.27501,0.0,0.0,0.0
18,-10,48,50.83797,4.27857,0.0,0.0,0.0
18,-9,24,50.83797,4.282132,1.0,0.0,0.0
18,-8,17,50.83797,4.285693,4.0,0.0,0.0
18,-7,527,50.83797,4.289254,6.0,0.0,0.0
18,-6,47,50.83797,4.292814,0.0,0.0,0.0
18,-5,178,50.83797,4.296376,1.0,0.0,0.0
18,-4,163,50.83797,4.299936,0.0,0.0,0.0
18,-3,48,50.83797,4.303498,0.0,0.0,0.0
18,-2,133,50.83797,4.307058,1.0,0.0,0.0
18,-1,128,50.83797,4.31062,0.0,0.0,0.0
18,0,341,50.83797,4.31418,1.0,0.0,0.0
18,1,107,50.83797,4.317742,2.0,0.0,1.0
18,2,298,50.83797,4.321302,0.0,0.0,0.0
18,3,206,50.83797,4.324864,0.0,0.0,0.0
18,4,343,50.83797,4.328425,0.0,0.0,0.0
18,5,323,50.83797,4.331986,0.0,0.0,0.0
18,6,944,50.83797,4.335546,8.0,0.0,1.0
18,7,366,50.83797,4.339108,0.0,0.0,1.0
18,8,1033,50.83797,4.342668,0.0,0.0,0.0
18,9,717,50.83797,4.34623,1.0,0.0,0.0
18,10,423,50.83797,4.34979,1.0,0.0,0.0
18,11,798,50.83797,4.353352,1.0,0.0,2.0
18,12,292,50.83797,4.356912,0.0,0.0,0.0
18,13,1083,50.83797,4.360474,3.0,2.0,0.0
18,14,957,50.83797,4.364034,1.0,0.0,0.0
18,15,290,50.83797,4.367596,2.0,0.0,0.0
18,16,170,50.83797,4.371157,3.0,0.0,0.0
18,17,547,50.83797,4.374718,0.0,0.0,0.0
18,19,437,50.83797,4.38184,2.0,0.0,0.0
18,20,563,50.83797,4.3854,6.0,0.0,0.0
18,21,325,50.83797,4.388962,0.0,0.0,0.0
18,22,172,50.83797,4.392522,3.0,0.0,0.0
18,23,328,50.83797,4.396084,0.0,0.0,2.0
18,24,546,50.83797,4.399644,0.0,0.0,0.0
18,25,148,50.83797,4.403206,0.0,0.0,0.0
18,26,217,50.83797,4.406766,4.0,2.0,5.0
18,27,112,50.83797,4.410328,0.0,0.0,1.0
18,28,218,50.83797,4.413889,0.0,0.0,1.0
18,29,278,50.83797,4.41745,0.0,0.0,0.0
18,30,236,50.83797,4.42101,0.0,0.0,0.0
18,31,265,50.83797,4.424572,0.0,0.0,0.0
18,32,44,50.83797,4.428132,0.0,0.0,0.0
18,33,241,50.83797,4.431694,0.0,0.0,0.0
18,34,142,50.83797,4.435254,0.0,0.0,1.0
18,35,212,50.83797,4.438816,0.0,0.0,0.0
18,36,308,50.83797,4.442376,0.0,0.0,0.0
18,38,3,50.83797,4.449498,0.0,0.0,0.0
18,41,24,50.83797,4.460182,0.0,0.0,0.0
18,43,162,50.83797,4.467304,2.0,0.0,0.0
19,-9,15,50.840216,4.282132,0.0,0.0,0.0
19,-8,585,50.840216,4.285693,0.0,0.0,0.0
19,-7,150,50.840216,4.289254,0.0,0.0,0.0
19,-6,212,50.840216,4.292814,0.0,0.0,0.0
19,-5,53,50.840216,4.296376,1.0,0.0,0.0
19,-4,185,50.840216,4.299936,0.0,0.0,0.0
19,-3,35,50.840216,4.303498,0.0,0.0,0.0
19,-2,100,50.840216,4.307058,2.0,0.0,0.0
19,-1,39,50.840216,4.31062,0.0,1.0,0.0
19,0,199,50.840216,4.31418,3.0,1.0,0.0
19,1,7,50.840216,4.317742,0.0,0.0,0.0
19,2,93,50.840216,4.321302,1.0,0.0,1.0
19,3,108,50.840216,4.324864,1.0,0.0,1.0
19,4,94,50.840216,4.328425,0.0,0.0,2.0
19,5,296,50.840216,4.331986,0.0,2.0,0.0
19,6,725,50.840216,4.335546,0.0,0.0,0.0
19,7,820,50.840216,4.339108,1.0,0.0,2.0
19,8,106,50.840216,4.342668,0.0,0.0,2.0
19,9,568,50.840216,4.34623,0.0,0.0,0.0
19,10,293,50.840216,4.34979,1.0,0.0,0.0
19,11,608,50.840216,4.353352,1.0,0.0,0.0
19,12,1669,50.840216,4.356912,2.0,0.0,2.0
19,13,315,50.840216,4.360474,0.0,0.0,0.0
19,14,1039,50.840216,4.364034,5.0,0.0,0.0
19,15,778,50.840216,4.367596,5.0,2.0,0.0
19,16,1626,50.840216,4.371157,0.0,0.0,0.0
19,17,713,50.840216,4.374718,5.0,0.0,0.0
19,18,156,50.840216,4.378278,3.0,0.0,0.0
19,19,218,50.840216,4.38184,6.0,0.0,0.0
19,20,385,50.840216,4.3854,4.0,0.0,0.0
19,22,2,50.840216,4.392522,0.0,0.0,0.0
19,23,241,50.840216,4.396084,0.0,1.0,0.0
19,24,291,50.840216,4.399644,2.0,1.0,2.0
19,25,496,50.840216,4.403206,0.0,0.0,0.0
19,26,186,50.840216,4.406766,0.0,0.0,0.0
19,27,13,50.840216,4.410328,0.0,0.0,0.0
19,28,165,50.840216,4.413889,0.0,2.0,0.0
19,29,10,50.840216,4.41745,0.0,0.0,0.0
19,30,62,50.840216,4.42101,0.0,0.0,0.0
19,31,270,50.840216,4.424572,0.0,0.0,0.0
19,33,338,50.840216,4.431694,0.0,0.0,0.0
19,34,300,50.840216,4.435254,2.0,0.0,2.0
19,35,65,50.840216,4.438816,3.0,0.0,0.0
19,36,923,50.840216,4.442376,2.0,0.0,0.0
19,38,9,50.840216,4.449498,0.0,0.0,0.0
19,39,1,50.840216,4.45306,0.0,0.0,0.0
19,41,212,50.840216,4.460182,2.0,0.0,0.0
19,42,429,50.840216,4.463742,2.0,0.0,1.0
19,43,105,50.840216,4.467304,0.0,0.0,0.0
20,-8,122,50.842464,4.285693,1.0,0.0,0.0
20,-7,34,50.842464,4.289254,0.0,0.0,0.0
20,-6,18,50.842464,4.292814,0.0,0.0,0.0
20,-5,45,50.842464,4.296376,2.0,0.0,0.0
20,-4,7,50.842464,4.299936,1.0,0.0,0.0
20,-3,82,50.842464,4.303498,2.0,0.0,0.0
20,-2,1,50.842464,4.307058,0.0,0.0,0.0
20,-1,39,50.842464,4.31062,0.0,0.0,0.0
20,0,16,50.842464,4.31418,3.0,0.0,0.0
20,1,91,50.842464,4.317742,2.0,0.0,0.0
20,2,24,50.842464,4.321302,0.0,0.0,0.0
20,4,667,50.842464,4.328425,2.0,0.0,0.0
20,5,119,50.842464,4.331986,0.0,0.0,0.0
20,6,238,50.842464,4.335546,1.0,0.0,0.0
20,7,24,50.842464,4.339108,0.0,0.0,0.0
20,8,627,50.842464,4.342668,0.0,0.0,0.0
20,9,148,50.842464,4.34623,1.0,0.0,0.0
20,10,433,50.842464,4.34979,2.0,0.0,0.0
20,11,616,50.842464,4.353352,3.0,0.0,0.0
20,12,404,50.842464,4.356912,3.0,0.0,2.0
20,13,996,50.842464,4.360474,2.0,0.0,0.0
20,14,418,50.842464,4.364034,2.0,0.0,0.0
20,15,484,50.842464,4.367596,0.0,0.0,0.0
20,16,1107,50.842464,4.371157,0.0,0.0,0.0
20,17,532,50.842464,4.374718,3.0,0.0,0.0
20,18,503,50.842464,4.378278,2.0,0.0,0.0
20,19,181,50.842464,4.38184,1.0,2.0,0.0
20,20,536,50.842464,4.3854,4.0,0.0,0.0
20,21,268,50.842464,4.388962,0.0,0.0,0.0
20,22,477,50.842464,4.392522,0.0,0.0,0.0
20,23,403,50.842464,4.396084,2.0,0.0,0.0
20,24,399,50.842464,4.399644,0.0,0.0,0.0
20,25,84,50.842464,4.403206,0.0,0.0,0.0
20,26,398,50.842464,4.406766,4.0,0.0,1.0
20,27,82,50.842464,4.410328,0.0,0.0,0.0
20,29,128,50.842464,4.41745,0.0,2.0,0.0
20,31,137,50.842464,4.424572,2.0,0.0,0.0
20,32,191,50.842464,4.428132,2.0,0.0,0.0
20,33,199,50.842464,4.431694,2.0,0.0,0.0
20,34,20,50.842464,4.435254,1.0,0.0,0.0
20,35,1,50.842464,4.438816,0.0,0.0,0.0
20,36,37,50.842464,4.442376,0.0,0.0,0.0
20,38,510,50.842464,4.449498,3.0,0.0,0.0
20,39,186,50.842464,4.45306,0.0,0.0,0.0
20,40,27,50.842464,4.456621,2.0,0.0,0.0
20,41,96,50.842464,4.460182,0.0,0.0,0.0
20,42,456,50.842464,4.463742,0.0,1.0,1.0
20,43,168,50.842464,4.467304,0.0,0.0,0.0
21,-8,312,50.84471,4.285693,0.0,0.0,0.0
21,-7,13,50.84471,4.289254,0.0,0.0,0.0
21,-6,55,50.84471,4.292814,0.0,0.0,0.0
21,-5,3,50.84471,4.296376,1.0,0.0,0.0
21,-4,33,50.84471,4.299936,2.0,0.0,0.0
21,-3,36,50.84471,4.303498,0.0,0.0,0.0
21,-2,301,50.84471,4.307058,0.0,0.0,0.0
21,-1,1,50.84471,4.31062,1.0,0.0,0.0
21,0,157,50.84471,4.31418,1.0,0.0,0.0
21,1,55,50.84471,4.317742,0.0,2.0,0.0
21,2,71,50.84471,4.321302,1.0,0.0,0.0
21,3,84,50.84471,4.324864,0.0,2.0,0.0
21,4,357,50.84471,4.328425,0.0,0.0,0.0
21,5,37,50.84471,4.331986,0.0,0.0,0.0
21,6,514,50.84471,4.335546,1.0,0.0,0.0
21,7,434,50.84471,4.339108,2.0,0.0,2.0
21,8,255,50.84471,4.342668,0.0,0.0,0.0
21,9,270,50.84471,4.34623,2.0,0.0,2.0
21,10,261,50.84471,4.34979,1.0,0.0,0.0
21,11,458,50.84471,4.353352,1.0,0.0,0.0
21,12,1145,50.84471,4.356912,3.0,0.0,0.0
21,13,2193,50.84471,4.360474,2.0,0.0,2.0
21,15,1300,50.84471,4.367596,0.0,3.0,0.0
21,16,494,50.84471,4.371157,0.0,1.0,0.0
21,17,235,50.84471,4.374718,0.0,0.0,0.0
21,18,391,50.84471,4.378278,4.0,2.0,0.0
21,19,274,50.84471,4.38184,0.0,0.0,0.0
21,20,354,50.84471,4.3854,3.0,0.0,0.0
21,21,407,50.84471,4.388962,0.0,0.0,0.0
21,22,185,50.84471,4.392522,0.0,0.0,0.0
21,23,378,50.84471,4.396084,2.0,0.0,0.0
21,24,58,50.84471,4.399644,0.0,0.0,0.0
21,25,358,50.84471,4.403206,2.0,0.0,0.0
21,26,100,50.84471,4.406766,0.0,0.0,1.0
21,27,85,50.84471,4.410328,2.0,0.0,0.0
21,29,153,50.84471,4.41745,2.0,0.0,0.0
21,30,131,50.84471,4.42101,2.0,0.0,0.0
21,31,162,50.84471,4.424572,0.0,1.0,0.0
21,32,414,50.84471,4.428132,0.0,1.0,0.0
21,34,6,50.84471,4.435254,0.0,0.0,0.0
21,35,394,50.84471,4.438816,0.0,0.0,2.0
21,36,56,50.84471,4.442376,0.0,0.0,0.0
21,37,195,50.84471,4.445938,0.0,0.0,0.0
21,39,1,50.84471,4.45306,0.0,0.0,0.0
21,40,87,50.84471,4.456621,0.0,0.0,0.0
21,41,257,50.84471,4.460182,0.0,0.0,0.0
21,42,31,50.84471,4.463742,0.0,0.0,2.0
21,44,1,50.84471,4.470864,0.0,0.0,0.0
22,-7,433,50.846957,4.289254,2.0,0.0,0.0
22,-5,121,50.846957,4.296376,1.0,0.0,0.0
22,-4,135,50.846957,4.299936,4.0,0.0,0.0
22,-3,350,50.846957,4.303498,4.0,0.0,0.0
22,-2,155,50.846957,4.307058,2.0,0.0,0.0
22,-1,162,50.846957,4.31062,4.0,0.0,0.0
22,0,125,50.846957,4.31418,0.0,0.0,0.0
22,2,45,50.846957,4.321302,0.0,0.0,0.0
22,3,326,50.846957,4.324864,1.0,0.0,0.0
22,4,110,50.846957,4.328425,0.0,0.0,0.0
22,5,42,50.846957,4.331986,0.0,0.0,0.0
22,6,68,50.846957,4.335546,0.0,0.0,0.0
22,7,360,50.846957,4.339108,0.0,0.0,2.0
22,8,41,50.846957,4.342668,2.0,0.0,0.0
22,9,245,50.846957,4.34623,1.0,0.0,0.0
22,10,344,50.846957,4.34979,1.0,0.0,1.0
22,11,232,50.846957,4.353352,0.0,0.0,0.0
22,12,2119,50.846957,4.356912,6.0,1.0,0.0
22,13,1389,50.846957,4.360474,3.0,1.0,0.0
22,14,994,50.846957,4.364034,3.0,0.0,2.0
22,15,245,50.846957,4.367596,1.0,0.0,0.0
22,16,377,50.846957,4.371157,0.0,0.0,0.0
22,17,159,50.846957,4.374718,0.0,0.0,0.0
22,18,551,50.846957,4.378278,0.0,0.0,0.0
22,19,727,50.846957,4.38184,3.0,0.0,0.0
22,20,7,50.846957,4.3854,3.0,0.0,0.0
22,21,343,50.846957,4.388962,1.0,0.0,0.0
22,22,692,50.846957,4.392522,6.0,0.0,0.0
22,23,129,50.846957,4.396084,1.0,0.0,0.0
22,24,217,50.846957,4.399644,1.0,0.0,0.0
22,25,456,50.846957,4.403206,0.0,0.0,0.0
22,26,199,50.846957,4.406766,1.0,0.0,0.0
22,27,199,50.846957,4.410328,1.0,0.0,0.0
22,28,88,50.846957,4.413889,0.0,0.0,0.0
22,30,86,50.846957,4.42101,2.0,0.0,0.0
22,31,46,50.846957,4.424572,0.0,0.0,0.0
22,33,24,50.846957,4.431694,2.0,0.0,0.0
22,34,497,50.846957,4.435254,7.0,2.0,2.0
22,35,169,50.846957,4.438816,0.0,0.0,0.0
22,36,57,50.846957,4.442376,2.0,0.0,0.0
22,37,2,50.846957,4.445938,1.0,2.0,0.0
22,38,116,50.846957,4.449498,3.0,0.0,0.0
22,39,97,50.846957,4.45306,0.0,0.0,0.0
22,40,122,50.846957,4.456621,2.0,0.0,0.0
22,42,307,50.846957,4.463742,0.0,0.0,0.0
23,-11,1,50.849204,4.27501,0.0,0.0,0.0
23,-5,3,50.849204,4.296376,0.0,0.0,0.0
23,-4,168,50.849204,4.299936,0.0,0.0,0.0
23,-3,2,50.849204,4.303498,0.0,0.0,0.0
23,-2,28,50.849204,4.307058,0.0,0.0,0.0
23,-1,27,50.849204,4.31062,0.0,0.0,0.0
23,0,110,50.849204,4.31418,2.0,0.0,0.0
23,1,20,50.849204,4.317742,0.0,0.0,0.0
23,2,195,50.849204,4.321302,4.0,4.0,2.0
23,3,116,50.849204,4.324864,4.0,0.0,2.0
23,4,239,50.849204,4.328425,3.0,0.0,2.0
23,5,270,50.849204,4.331986,1.0,0.0,0.0
23,6,379,50.849204,4.335546,4.0,0.0,2.0
23,7,289,50.849204,4.339108,0.0,0.0,0.0
23,8,197,50.849204,4.342668,0.0,0.0,0.0
23,9,257,50.849204,4.34623,2.0,0.0,0.0
23,10,561,50.849204,4.34979,4.0,0.0,1.0
23,11,336,50.849204,4.353352,1.0,2.0,0.0
23,12,646,50.849204,4.356912,2.0,0.0,0.0
23,13,583,50.849204,4.360474,1.0,0.0,0.0
23,14,2719,50.849204,4.364034,0.0,0.0,0.0
23,15,1363,50.849204,4.367596,3.0,2.0,0.0
23,16,302,50.849204,4.371157,4.0,0.0,0.0
23,17,159,50.849204,4.374718,5.0,0.0,0.0
23,18,331,50.849204,4.378278,4.0,0.0,0.0
23,19,264,50.849204,4.38184,2.0,0.0,0.0
23,20,539,50.849204,4.3854,1.0,0.0,0.0
23,21,1493,50.849204,4.388962,2.0,0.0,0.0
23,22,25,50.849204,4.392522,0.0,0.0,0.0
23,24,382,50.849204,4.399644,0.0,0.0,0.0
23,25,81,50.849204,4.403206,5.0,0.0,2.0
23,26,1,50.849204,4.406766,0.0,0.0,0.0
23,27,153,50.849204,4.410328,0.0,0.0,0.0
23,28,79,50.849204,4.413889,2.0,0.0,0.0
23,29,88,50.849204,4.41745,4.0,0.0,0.0
23,30,9,50.849204,4.42101,2.0,0.0,0.0
23,31,200,50.849204,4.424572,3.0,0.0,0.0
23,32,257,50.849204,4.428132,3.0,0.0,0.0
23,33,130,50.849204,4.431694,0.0,0.0,0.0
23,34,22,50.849204,4.435254,1.0,0.0,0.0
23,37,24,50.849204,4.445938,0.0,0.0,0.0
23,38,210,50.849204,4.449498,0.0,0.0,0.0
23,39,126,50.849204,4.45306,0.0,2.0,0.0
23,40,23,50.849204,4.456621,1.0,0.0,0.0
23,41,562,50.849204,4.460182,7.0,2.0,0.0
23,42,276,50.849204,4.463742,0.0,0.0,0.0
24,-9,22,50.851451,4.282132,0.0,0.0,0.0
24,-5,38,50.851451,4.296376,0.0,0.0,0.0
24,-4,11,50.851451,4.299936,3.0,0.0,0.0
24,-3,2,50.851451,4.303498,0.0,0.0,0.0
24,-2,2,50.851451,4.307058,3.0,0.0,0.0
24,-1,6,50.851451,4.31062,2.0,0.0,0.0
24,0,5,50.851451,4.31418,0.0,0.0,0.0
24,1,220,50.851451,4.317742,2.0,0.0,2.0
24,2,7,50.851451,4.321302,0.0,0.0,0.0
24,3,59,50.851451,4.324864,0.0,0.0,0.0
24,4,17,50.851451,4.328425,0.0,0.0,0.0
24,5,25,50.851451,4.331986,2.0,0.0,0.0
24,6,103,50.851451,4.335546,0.0,0.0,0.0
24,7,168,50.851451,4.339108,4.0,0.0,2.0
24,8,489,50.851451,4.342668,1.0,0.0,0.0
24,9,353,50.851451,4.34623,4.0,1.0,0.0
24,10,740,50.851451,4.34979,5.0,1.0,0.0
24,11,695,50.851451,4.353352,2.0,0.0,2.0
24,12,647,50.851451,4.356912,0.0,0.0,0.0
24,13,985,50.851451,4.360474,0.0,0.0,0.0
24,14,335,50.851451,4.364034,2.0,0.0,2.0
24,15,1198,50.851451,4.367596,1.0,0.0,0.0
24,16,3,50.851451,4.371157,0.0,0.0,0.0
24,17,21,50.851451,4.374718,1.0,0.0,0.0
24,18,91,50.851451,4.378278,0.0,0.0,0.0
24,19,125,50.851451,4.38184,2.0,0.0,0.0
24,20,535,50.851451,4.3854,5.0,0.0,0.0
24,21,317,50.851451,4.388962,6.0,0.0,0.0
24,22,8,50.851451,4.392522,1.0,0.0,0.0
24,23,577,50.851451,4.396084,4.0,0.0,0.0
24,24,438,50.851451,4.399644,0.0,0.0,0.0
24,25,172,50.851451,4.403206,0.0,0.0,0.0
24,26,222,50.851451,4.406766,1.0,0.0,0.0
24,28,36,50.851451,4.413889,0.0,0.0,0.0
24,33,1,50.851451,4.431694,0.0,0.0,0.0
24,34,311,50.851451,4.435254,2.0,0.0,0.0
24,35,342,50.851451,4.438816,1.0,0.0,0.0
24,38,290,50.851451,4.449498,0.0,0.0,0.0
24,39,111,50.851451,4.45306,4.0,0.0,0.0
24,40,86,50.851451,4.456621,2.0,0.0,0.0
24,41,13,50.851451,4.460182,0.0,0.0,0.0
24,54,7,50.851451,4.506474,0.0,0.0,0.0
25,-9,2,50.853698,4.282132,0.0,0.0,0.0
25,-4,177,50.853698,4.299936,0.0,0.0,0.0
25,-3,76,50.853698,4.303498,0.0,0.0,0.0
25,-1,13,50.853698,4.31062,0.0,0.0,0.0
25,0,5,50.853698,4.31418,0.0,0.0,0.0
25,1,15,50.853698,4.317742,0.0,0.0,1.0
25,2,16,50.853698,4.321302,0.0,3.0,0.0
25,4,51,50.853698,4.328425,1.0,0.0,0.0
25,5,82,50.853698,4.331986,1.0,0.0,0.0
25,6,32,50.853698,4.335546,1.0,0.0,0.0
25,7,384,50.853698,4.339108,0.0,1.0,0.0
25,8,78,50.853698,4.342668,4.0,0.0,2.0
25,9,605,50.853698,4.34623,0.0,0.0,0.0
25,10,281,50.853698,4.34979,0.0,0.0,0.0
25,11,232,50.853698,4.353352,2.0,0.0,0.0
25,12,14,50.853698,4.356912,0.0,0.0,0.0
25,13,356,50.853698,4.360474,2.0,0.0,0.0
25,14,856,50.853698,4.364034,1.0,2.0,1.0
25,15,1045,50.853698,4.367596,9.0,0.0,1.0
25,16,169,50.853698,4.371157,0.0,0.0,0.0
25,17,125,50.853698,4.374718,4.0,0.0,0.0
25,18,390,50.853698,4.378278,2.0,0.0,0.0
25,19,204,50.853698,4.38184,3.0,0.0,0.0
25,20,5,50.853698,4.3854,3.0,0.0,0.0
25,21,365,50.853698,4.388962,2.0,0.0,0.0
25,22,459,50.853698,4.392522,1.0,0.0,0.0
25,23,351,50.853698,4.396084,5.0,0.0,0.0
25,24,315,50.853698,4.399644,1.0,0.0,1.0
25,27,89,50.853698,4.410328,0.0,0.0,0.0
25,29,130,50.853698,4.41745,3.0,0.0,0.0
25,31,405,50.853698,4.424572,3.0,0.0,0.0
25,33,152,50.853698,4.431694,0.0,0.0,0.0
25,34,24,50.853698,4.435254,0.0,0.0,0.0
25,35,350,50.853698,4.438816,2.0,0.0,0.0
25,36,24,50.853698,4.442376,2.0,0.0,0.0
25,38,7,50.853698,4.449498,2.0,0.0,0.0
25,39,84,50.853698,4.45306,1.0,0.0,0.0
25,42,7,50.853698,4.463742,0.0,0.0,0.0
26,-6,24,50.855946,4.292814,0.0,0.0,0.0
26,-2,215,50.855946,4.307058,4.0,0.0,0.0
26,-1,14,50.855946,4.31062,2.0,0.0,0.0
26,0,176,50.855946,4.31418,0.0,0.0,0.0
26,1,56,50.855946,4.317742,0.0,0.0,2.0
26,2,25,50.855946,4.321302,0.0,0.0,0.0
26,3,43,50.855946,4.324864,5.0,1.0,0.0
26,4,196,50.855946,4.328425,0.0,0.0,0.0
26,5,102,50.855946,4.331986,1.0,0.0,0.0
26,6,17,50.855946,4.335546,2.0,0.0,0.0
26,7,17,50.855946,4.339108,1.0,1.0,0.0
26,8,21,50.855946,4.342668,0.0,0.0,0.0
26,9,509,50.855946,4.34623,0.0,0.0,2.0
26,10,562,50.855946,4.34979,0.0,0.0,0.0
26,11,598,50.855946,4.353352,2.0,0.0,0.0
26,12,659,50.855946,4.356912,4.0,2.0,3.0
26,13,1022,50.855946,4.360474,0.0,0.0,1.0
26,14,531,50.855946,4.364034,0.0,0.0,0.0
26,15,437,50.855946,4.367596,5.0,0.0,2.0
26,16,36,50.855946,4.371157,0.0,0.0,0.0
26,17,11,50.855946,4.374718,1.0,0.0,0.0
26,18,3,50.855946,4.378278,0.0,0.0,0.0
26,20,445,50.855946,4.3854,1.0,0.0,0.0
26,21,417,50.855946,4.388962,2.0,0.0,0.0
26,22,2,50.855946,4.392522,1.0,0.0,2.0
26,23,23,50.855946,4.396084,3.0,0.0,4.0
26,24,230,50.855946,4.399644,1.0,0.0,1.0
26,25,353,50.855946,4.403206,1.0,0.0,0.0
26,26,92,50.855946,4.406766,1.0,0.0,0.0
26,27,82,50.855946,4.410328,0.0,0.0,0.0
26,28,226,50.855946,4.413889,2.0,0.0,0.0
26,29,43,50.855946,4.41745,0.0,0.0,0.0
26,31,7,50.855946,4.424572,0.0,0.0,0.0
26,32,197,50.855946,4.428132,2.0,0.0,0.0
26,33,575,50.855946,4.431694,2.0,0.0,0.0
26,35,57,50.855946,4.438816,3.0,0.0,0.0
26,37,261,50.855946,4.445938,1.0,0.0,0.0
26,38,24,50.855946,4.449498,0.0,0.0,0.0
27,-10,22,50.858192,4.27857,0.0,0.0,0.0
27,-5,5,50.858192,4.296376,0.0,0.0,0.0
27,-3,69,50.858192,4.303498,0.0,0.0,0.0
27,-1,375,50.858192,4.31062,2.0,0.0,0.0
27,0,149,50.858192,4.31418,0.0,0.0,1.0
27,1,128,50.858192,4.317742,1.0,0.0,1.0
27,2,95,50.858192,4.321302,1.0,0.0,0.0
27,3,99,50.858192,4.324864,0.0,1.0,0.0
27,4,97,50.858192,4.328425,1.0,0.0,0.0
27,5,255,50.858192,4.331986,5.0,2.0,0.0
27,6,190,50.858192,4.335546,5.0,0.0,0.0
27,7,20,50.858192,4.339108,0.0,0.0,0.0
27,8,10,50.858192,4.342668,0.0,0.0,0.0
27,9,66,50.858192,4.34623,1.0,0.0,1.0
27,10,534,50.858192,4.34979,2.0,2.0,2.0
27,11,100,50.858192,4.353352,4.0,0.0,0.0
27,12,1,50.858192,4.356912,1.0,0.0,0.0
27,13,2704,50.858192,4.360474,1.0,0.0,0.0
27,14,85,50.858192,4.364034,0.0,0.0,0.0
27,15,51,50.858192,4.367596,3.0,0.0,1.0
27,16,927,50.858192,4.371157,1.0,0.0,1.0
27,17,381,50.858192,4.374718,1.0,0.0,0.0
27,18,34,50.858192,4.378278,1.0,0.0,0.0
27,19,33,50.858192,4.38184,0.0,0.0,0.0
27,20,356,50.858192,4.3854,2.0,0.0,2.0
27,21,17,50.858192,4.388962,1.0,0.0,0.0
27,22,105,50.858192,4.392522,0.0,0.0,0.0
27,23,226,50.858192,4.396084,0.0,0.0,0.0
27,24,158,50.858192,4.399644,3.0,0.0,0.0
27,26,71,50.858192,4.406766,2.0,0.0,0.0
27,27,143,50.858192,4.410328,3.0,0.0,0.0
27,28,191,50.858192,4.413889,3.0,0.0,0.0
27,29,182,50.858192,4.41745,0.0,0.0,0.0
27,31,24,50.858192,4.424572,0.0,0.0,0.0
27,32,24,50.858192,4.428132,0.0,0.0,0.0
27,35,77,50.858192,4.438816,1.0,0.0,0.0
27,36,235,50.858192,4.442376,2.0,0.0,0.0
28,-10,21,50.86044,4.27857,0.0,0.0,0.0
28,-9,149,50.86044,4.282132,0.0,0.0,0.0
28,-8,33,50.86044,4.285693,0.0,0.0,0.0
28,-7,39,50.86044,4.289254,2.0,0.0,0.0
28,-6,154,50.86044,4.292814,1.0,0.0,0.0
28,-5,186,50.86044,4.296376,2.0,0.0,0.0
28,-3,98,50.86044,4.303498,0.0,0.0,1.0
28,-2,155,50.86044,4.307058,0.0,0.0,1.0
28,0,13,50.86044,4.31418,2.0,0.0,0.0
28,1,121,50.86044,4.317742,1.0,0.0,0.0
28,2,49,50.86044,4.321302,0.0,0.0,0.0
28,3,61,50.86044,4.324864,0.0,0.0,0.0
28,4,1162,50.86044,4.328425,0.0,0.0,0.0
28,5,75,50.86044,4.331986,2.0,0.0,0.0
28,6,42,50.86044,4.335546,1.0,0.0,0.0
28,7,363,50.86044,4.339108,5.0,2.0,3.0
28,8,196,50.86044,4.342668,3.0,0.0,0.0
28,9,8,50.86044,4.34623,1.0,0.0,1.0
28,10,152,50.86044,4.34979,0.0,0.0,0.0
28,11,4,50.86044,4.353352,0.0,0.0,0.0
28,12,640,50.86044,4.356912,6.0,0.0,0.0
28,13,1204,50.86044,4.360474,4.0,0.0,4.0
28,14,553,50.86044,4.364034,0.0,0.0,0.0
28,15,461,50.86044,4.367596,0.0,0.0,4.0
28,16,286,50.86044,4.371157,4.0,0.0,4.0
28,17,138,50.86044,4.374718,2.0,0.0,1.0
28,18,400,50.86044,4.378278,3.0,0.0,1.0
28,19,21,50.86044,4.38184,0.0,0.0,0.0
28,20,229,50.86044,4.3854,0.0,0.0,0.0
28,21,110,50.86044,4.388962,0.0,0.0,0.0
28,22,167,50.86044,4.392522,3.0,0.0,2.0
28,23,1,50.86044,4.396084,0.0,0.0,0.0
28,24,27,50.86044,4.399644,0.0,0.0,0.0
28,25,218,50.86044,4.403206,3.0,0.0,2.0
28,26,169,50.86044,4.406766,1.0,0.0,0.0
28,27,46,50.86044,4.410328,0.0,0.0,0.0
28,29,334,50.86044,4.41745,3.0,0.0,0.0
28,30,371,50.86044,4.42101,2.0,0.0,0.0
28,32,3,50.86044,4.428132,0.0,0.0,0.0
28,36,42,50.86044,4.442376,0.0,0.0,0.0
29,-7,47,50.862686,4.289254,1.0,0.0,0.0
29,-4,75,50.862686,4.299936,2.0,0.0,2.0
29,-3,85,50.862686,4.303498,0.0,0.0,0.0
29,0,23,50.862686,4.31418,0.0,0.0,0.0
29,1,292,50.862686,4.317742,1.0,0.0,0.0
29,2,191,50.862686,4.321302,2.0,0.0,0.0
29,3,263,50.862686,4.324864,5.0,0.0,1.0
29,4,344,50.862686,4.328425,0.0,0.0,4.0
29,5,440,50.862686,4.331986,6.0,4.0,0.0
29,6,399,50.862686,4.335546,1.0,0.0,0.0
29,7,256,50.862686,4.339108,0.0,0.0,1.0
29,8,20,50.862686,4.342668,0.0,0.0,0.0
29,9,733,50.862686,4.34623,2.0,0.0,0.0
29,10,350,50.862686,4.34979,4.0,0.0,0.0
29,11,212,50.862686,4.353352,2.0,0.0,0.0
29,12,71,50.862686,4.356912,1.0,0.0,0.0
29,13,1563,50.862686,4.360474,0.0,0.0,0.0
29,14,305,50.862686,4.364034,0.0,0.0,0.0
29,15,173,50.862686,4.367596,0.0,0.0,1.0
29,16,422,50.862686,4.371157,0.0,0.0,0.0
29,17,117,50.862686,4.374718,0.0,0.0,0.0
29,18,145,50.862686,4.378278,2.0,0.0,0.0
29,19,211,50.862686,4.38184,2.0,0.0,0.0
29,20,166,50.862686,4.3854,0.0,0.0,2.0
29,21,81,50.862686,4.388962,0.0,0.0,0.0
29,22,76,50.862686,4.392522,1.0,0.0,0.0
29,24,312,50.862686,4.399644,0.0,0.0,0.0
29,25,73,50.862686,4.403206,0.0,0.0,0.0
29,26,18,50.862686,4.406766,0.0,0.0,0.0
29,27,137,50.862686,4.410328,3.0,0.0,0.0
29,29,510,50.862686,4.41745,3.0,0.0,0.0
29,30,470,50.862686,4.42101,0.0,0.0,0.0
29,31,280,50.862686,4.424572,4.0,0.0,0.0
29,32,12,50.862686,4.428132,1.0,0.0,0.0
29,34,5,50.862686,4.435254,0.0,0.0,0.0
30,-16,4,50.864934,4.257204,0.0,0.0,0.0
30,-14,24,50.864934,4.264326,0.0,0.0,0.0
30,-9,133,50.864934,4.282132,0.0,0.0,0.0
30,-8,2,50.864934,4.285693,2.0,0.0,0.0
30,-7,1,50.864934,4.289254,0.0,0.0,0.0
30,-6,58,50.864934,4.292814,4.0,0.0,2.0
30,-5,306,50.864934,4.296376,4.0,0.0,4.0
30,-4,49,50.864934,4.299936,0.0,0.0,0.0
30,-3,82,50.864934,4.303498,0.0,0.0,0.0
30,-2,1,50.864934,4.307058,2.0,0.0,0.0
30,-1,216,50.864934,4.31062,2.0,0.0,0.0
30,0,29,50.864934,4.31418,0.0,0.0,0.0
30,1,193,50.864934,4.317742,2.0,0.0,2.0
30,2,53,50.864934,4.321302,3.0,0.0,0.0
30,3,58,50.864934,4.324864,0.0,0.0,1.0
30,4,155,50.864934,4.328425,4.0,0.0,0.0
30,5,4,50.864934,4.331986,0.0,0.0,0.0
30,6,38,50.864934,4.335546,0.0,0.0,0.0
30,7,585,50.864934,4.339108,2.0,0.0,1.0
30,8,453,50.864934,4.342668,4.0,0.0,0.0
30,9,388,50.864934,4.34623,0.0,0.0,0.0
30,10,38,50.864934,4.34979,3.0,0.0,0.0
30,11,763,50.864934,4.353352,0.0,0.0,0.0
30,12,64,50.864934,4.356912,2.0,0.0,0.0
30,13,789,50.864934,4.360474,0.0,0.0,0.0
30,14,60,50.864934,4.364034,0.0,0.0,3.0
30,15,233,50.864934,4.367596,0.0,0.0,2.0
30,16,497,50.864934,4.371157,0.0,0.0,0.0
30,17,101,50.864934,4.374718,2.0,0.0,2.0
30,18,47,50.864934,4.378278,2.0,0.0,0.0
30,19,136,50.864934,4.38184,3.0,0.0,0.0
30,21,346,50.864934,4.388962,0.0,0.0,0.0
30,23,131,50.864934,4.396084,0.0,0.0,0.0
30,25,58,50.864934,4.403206,2.0,0.0,0.0
30,26,150,50.864934,4.406766,0.0,0.0,0.0
30,29,14,50.864934,4.41745,2.0,0.0,0.0
30,30,110,50.864934,4.42101,2.0,0.0,0.0
30,31,227,50.864934,4.424572,0.0,0.0,0.0
31,-11,24,50.86718,4.27501,0.0,0.0,0.0
31,-9,305,50.86718,4.282132,6.0,0.0,2.0
31,-8,176,50.86718,4.285693,4.0,0.0,2.0
31,-7,24,50.86718,4.289254,0.0,0.0,0.0
31,-6,327,50.86718,4.292814,0.0,0.0,2.0
31,-4,95,50.86718,4.299936,0.0,0.0,0.0
31,-3,202,50.86718,4.303498,4.0,0.0,2.0
31,-2,18,50.86718,4.307058,3.0,0.0,1.0
31,-1,133,50.86718,4.31062,1.0,0.0,1.0
31,0,220,50.86718,4.31418,6.0,0.0,2.0
31,1,12,50.86718,4.317742,1.0,0.0,0.0
31,2,142,50.86718,4.321302,6.0,0.0,0.0
31,3,492,50.86718,4.324864,1.0,0.0,1.0
31,4,139,50.86718,4.328425,0.0,0.0,0.0
31,5,242,50.86718,4.331986,0.0,0.0,0.0
31,6,559,50.86718,4.335546,2.0,0.0,2.0
31,7,13,50.86718,4.339108,2.0,0.0,1.0
31,8,38,50.86718,4.342668,0.0,0.0,0.0
31,9,13,50.86718,4.34623,0.0,0.0,0.0
31,10,290,50.86718,4.34979,0.0,0.0,0.0
31,11,198,50.86718,4.353352,0.0,0.0,0.0
31,12,18,50.86718,4.356912,2.0,0.0,0.0
31,13,47,50.86718,4.360474,0.0,0.0,0.0
31,14,231,50.86718,4.364034,0.0,0.0,1.0
31,15,247,50.86718,4.367596,0.0,0.0,1.0
31,16,41,50.86718,4.371157,1.0,0.0,0.0
31,17,440,50.86718,4.374718,5.0,0.0,3.0
31,18,140,50.86718,4.378278,4.0,0.0,0.0
31,19,385,50.86718,4.38184,2.0,0.0,0.0
31,20,83,50.86718,4.3854,4.0,0.0,2.0
31,21,567,50.86718,4.388962,0.0,0.0,0.0
31,22,214,50.86718,4.392522,0.0,0.0,0.0
31,23,287,50.86718,4.396084,0.0,0.0,0.0
31,24,17,50.86718,4.399644,3.0,0.0,0.0
31,25,162,50.86718,4.403206,2.0,0.0,2.0
31,26,214,50.86718,4.406766,3.0,0.0,0.0
31,27,4,50.86718,4.410328,0.0,0.0,0.0
31,31,37,50.86718,4.424572,0.0,0.0,0.0
32,-8,729,50.869428,4.285693,0.0,0.0,0.0
32,-7,2,50.869428,4.289254,2.0,0.0,0.0
32,-6,217,50.869428,4.292814,2.0,0.0,1.0
32,-3,138,50.869428,4.303498,2.0,0.0,0.0
32,-2,38,50.869428,4.307058,4.0,0.0,0.0
32,-1,340,50.869428,4.31062,2.0,0.0,0.0
32,0,137,50.869428,4.31418,1.0,0.0,0.0
32,1,64,50.869428,4.317742,1.0,0.0,0.0
32,2,177,50.869428,4.321302,2.0,0.0,0.0
32,3,114,50.869428,4.324864,0.0,0.0,1.0
32,4,177,50.869428,4.328425,0.0,0.0,0.0
32,5,92,50.869428,4.331986,0.0,0.0,0.0
32,6,276,50.869428,4.335546,0.0,2.0,1.0
32,7,91,50.869428,4.339108,0.0,0.0,0.0
32,8,139,50.869428,4.342668,2.0,0.0,0.0
32,9,3,50.869428,4.34623,0.0,0.0,0.0
32,10,106,50.869428,4.34979,0.0,0.0,0.0
32,11,163,50.869428,4.353352,2.0,0.0,0.0
32,12,6,50.869428,4.356912,0.0,0.0,0.0
32,13,24,50.869428,4.360474,1.0,0.0,0.0
32,14,46,50.869428,4.364034,1.0,0.0,2.0
32,15,169,50.869428,4.367596,2.0,0.0,0.0
32,16,224,50.869428,4.371157,2.0,0.0,2.0
32,17,76,50.869428,4.374718,0.0,0.0,1.0
32,18,356,50.869428,4.378278,0.0,0.0,0.0
32,19,62,50.869428,4.38184,0.0,0.0,2.0
32,20,412,50.869428,4.3854,2.0,0.0,1.0
32,22,370,50.869428,4.392522,1.0,0.0,0.0
32,24,235,50.869428,4.399644,2.0,0.0,0.0
32,25,64,50.869428,4.403206,0.0,0.0,0.0
32,27,21,50.869428,4.410328,0.0,0.0,0.0
32,29,106,50.869428,4.41745,0.0,0.0,0.0
32,30,252,50.869428,4.42101,0.0,0.0,0.0
32,32,24,50.869428,4.428132,0.0,0.0,0.0
33,-8,35,50.871674,4.285693,0.0,0.0,0.0
33,-7,471,50.871674,4.289254,5.0,0.0,2.0
33,-6,634,50.871674,4.292814,1.0,0.0,1.0
33,-4,229,50.871674,4.299936,2.0,0.0,0.0
33,-3,82,50.871674,4.303498,2.0,0.0,0.0
33,-2,127,50.871674,4.307058,0.0,0.0,0.0
33,-1,115,50.871674,4.31062,2.0,0.0,0.0
33,0,181,50.871674,4.31418,2.0,0.0,0.0
33,1,62,50.871674,4.317742,0.0,0.0,0.0
33,2,117,50.871674,4.321302,0.0,0.0,0.0
33,3,279,50.871674,4.324864,3.0,0.0,2.0
33,4,189,50.871674,4.328425,2.0,0.0,0.0
33,5,121,50.871674,4.331986,0.0,0.0,0.0
33,6,154,50.871674,4.335546,0.0,0.0,1.0
33,7,29,50.871674,4.339108,0.0,0.0,0.0
33,8,143,50.871674,4.342668,4.0,0.0,0.0
33,9,113,50.871674,4.34623,1.0,0.0,0.0
33,10,246,50.871674,4.34979,2.0,0.0,0.0
33,11,7,50.871674,4.353352,0.0,0.0,0.0
33,13,232,50.871674,4.360474,0.0,0.0,2.0
33,14,67,50.871674,4.364034,0.0,0.0,0.0
33,16,226,50.871674,4.371157,0.0,0.0,0.0
33,17,87,50.871674,4.374718,3.0,0.0,2.0
33,18,113,50.871674,4.378278,0.0,0.0,2.0
33,19,115,50.871674,4.38184,0.0,0.0,1.0
33,20,486,50.871674,4.3854,0.0,0.0,2.0
33,21,30,50.871674,4.388962,0.0,0.0,0.0
33,22,202,50.871674,4.392522,1.0,0.0,0.0
33,23,96,50.871674,4.396084,2.0,0.0,0.0
33,24,582,50.871674,4.399644,3.0,0.0,0.0
33,25,76,50.871674,4.403206,2.0,0.0,0.0
33,26,295,50.871674,4.406766,4.0,0.0,2.0
33,27,33,50.871674,4.410328,0.0,0.0,0.0
34,-7,23,50.873922,4.289254,0.0,0.0,0.0
34,-6,8,50.873922,4.292814,1.0,0.0,0.0
34,-4,297,50.873922,4.299936,1.0,0.0,0.0
34,-3,335,50.873922,4.303498,0.0,0.0,0.0
34,-2,22,50.873922,4.307058,0.0,0.0,0.0
34,-1,85,50.873922,4.31062,2.0,0.0,0.0
34,0,78,50.873922,4.31418,3.0,0.0,0.0
34,1,3,50.873922,4.317742,0.0,0.0,0.0
34,2,211,50.873922,4.321302,0.0,0.0,2.0
34,3,246,50.873922,4.324864,0.0,0.0,2.0
34,4,114,50.873922,4.328425,2.0,0.0,0.0
34,5,47,50.873922,4.331986,2.0,0.0,0.0
34,6,383,50.873922,4.335546,0.0,0.0,1.0
34,7,138,50.873922,4.339108,0.0,0.0,0.0
34,8,109,50.873922,4.342668,1.0,2.0,0.0
34,9,141,50.873922,4.34623,4.0,0.0,0.0
34,10,8,50.873922,4.34979,0.0,0.0,0.0
34,11,258,50.873922,4.353352,0.0,0.0,0.0
34,12,143,50.873922,4.356912,0.0,0.0,0.0
34,13,157,50.873922,4.360474,0.0,0.0,2.0
34,14,3,50.873922,4.364034,0.0,0.0,1.0
34,15,73,50.873922,4.367596,0.0,0.0,0.0
34,17,528,50.873922,4.374718,0.0,0.0,0.0
34,18,179,50.873922,4.378278,2.0,0.0,3.0
34,19,84,50.873922,4.38184,0.0,0.0,0.0
34,20,112,50.873922,4.3854,0.0,0.0,1.0
34,21,739,50.873922,4.388962,0.0,0.0,1.0
34,22,34,50.873922,4.392522,0.0,0.0,0.0
34,23,26,50.873922,4.396084,0.0,0.0,0.0
34,24,8,50.873922,4.399644,0.0,0.0,0.0
34,25,243,50.873922,4.403206,4.0,0.0,0.0
34,26,17,50.873922,4.406766,0.0,0.0,0.0
34,27,67,50.873922,4.410328,1.0,0.0,0.0
34,28,195,50.873922,4.413889,2.0,0.0,0.0
34,54,24,50.873922,4.506474,0.0,0.0,0.0
35,-4,91,50.876168,4.299936,3.0,0.0,0.0
35,-3,149,50.876168,4.303498,0.0,0.0,0.0
35,-2,97,50.876168,4.307058,2.0,0.0,0.0
35,0,182,50.876168,4.31418,1.0,0.0,0.0
35,1,160,50.876168,4.317742,2.0,0.0,2.0
35,2,60,50.876168,4.321302,0.0,0.0,0.0
35,3,180,50.876168,4.324864,0.0,0.0,0.0
35,4,237,50.876168,4.328425,0.0,0.0,2.0
35,5,104,50.876168,4.331986,2.0,0.0,1.0
35,6,389,50.876168,4.335546,0.0,0.0,0.0
35,7,25,50.876168,4.339108,2.0,0.0,0.0
35,8,470,50.876168,4.342668,2.0,0.0,0.0
35,9,201,50.876168,4.34623,0.0,0.0,0.0
35,10,6,50.876168,4.34979,4.0,0.0,0.0
35,11,121,50.876168,4.353352,0.0,0.0,2.0
35,12,63,50.876168,4.356912,0.0,0.0,0.0
35,13,36,50.876168,4.360474,0.0,0.0,0.0
35,14,42,50.876168,4.364034,0.0,0.0,1.0
35,15,35,50.876168,4.367596,0.0,0.0,0.0
35,16,30,50.876168,4.371157,0.0,0.0,0.0
35,17,23,50.876168,4.374718,0.0,0.0,0.0
35,18,127,50.876168,4.378278,0.0,0.0,0.0
35,19,153,50.876168,4.38184,2.0,0.0,0.0
35,20,221,50.876168,4.3854,2.0,0.0,0.0
35,21,45,50.876168,4.388962,0.0,0.0,0.0
35,22,80,50.876168,4.392522,0.0,0.0,2.0
35,23,93,50.876168,4.396084,0.0,0.0,0.0
35,24,228,50.876168,4.399644,0.0,0.0,2.0
35,25,42,50.876168,4.403206,3.0,0.0,0.0
35,26,110,50.876168,4.406766,0.0,0.0,0.0
35,27,640,50.876168,4.410328,2.0,0.0,2.0
35,28,3,50.876168,4.413889,2.0,0.0,1.0
36,-4,141,50.878415,4.299936,0.0,0.0,0.0
36,-3,139,50.878415,4.303498,2.0,0.0,0.0
36,-2,242,50.878415,4.307058,0.0,0.0,0.0
36,-1,61,50.878415,4.31062,0.0,0.0,0.0
36,0,49,50.878415,4.31418,0.0,0.0,0.0
36,1,80,50.878415,4.317742,0.0,0.0,0.0
36,2,174,50.878415,4.321302,2.0,0.0,0.0
36,3,96,50.878415,4.324864,0.0,0.0,0.0
36,4,116,50.878415,4.328425,0.0,0.0,0.0
36,5,80,50.878415,4.331986,2.0,0.0,2.0
36,6,150,50.878415,4.335546,0.0,0.0,0.0
36,7,452,50.878415,4.339108,0.0,0.0,2.0
36,8,28,50.878415,4.342668,2.0,0.0,2.0
36,9,143,50.878415,4.34623,4.0,2.0,2.0
36,10,148,50.878415,4.34979,0.0,0.0,2.0
36,11,127,50.878415,4.353352,0.0,0.0,0.0
36,12,351,50.878415,4.356912,0.0,0.0,0.0
36,16,63,50.878415,4.371157,0.0,0.0,1.0
36,17,1094,50.878415,4.374718,2.0,0.0,1.0
36,18,254,50.878415,4.378278,3.0,0.0,2.0
36,19,81,50.878415,4.38184,1.0,0.0,1.0
36,20,411,50.878415,4.3854,0.0,0.0,0.0
36,21,288,50.878415,4.388962,2.0,0.0,0.0
36,22,383,50.878415,4.392522,2.0,0.0,0.0
36,23,24,50.878415,4.396084,1.0,0.0,0.0
36,25,99,50.878415,4.403206,2.0,0.0,2.0
36,26,79,50.878415,4.406766,0.0,0.0,0.0
36,27,499,50.878415,4.410328,8.0,0.0,2.0
36,28,11,50.878415,4.413889,1.0,0.0,0.0
36,33,4,50.878415,4.431694,4.0,0.0,2.0
37,-4,117,50.880662,4.299936,0.0,0.0,0.0
37,2,126,50.880662,4.321302,2.0,0.0,0.0
37,3,78,50.880662,4.324864,0.0,0.0,0.0
37,4,523,50.880662,4.328425,1.0,0.0,1.0
37,5,4,50.880662,4.331986,1.0,0.0,1.0
37,6,61,50.880662,4.335546,2.0,0.0,2.0
37,7,110,50.880662,4.339108,0.0,0.0,0.0
37,8,455,50.880662,4.342668,0.0,0.0,0.0
37,9,266,50.880662,4.34623,3.0,0.0,0.0
37,11,165,50.880662,4.353352,4.0,0.0,0.0
37,12,146,50.880662,4.356912,0.0,0.0,0.0
37,16,15,50.880662,4.371157,0.0,0.0,1.0
37,17,143,50.880662,4.374718,0.0,0.0,1.0
37,18,24,50.880662,4.378278,0.0,0.0,0.0
37,20,1,50.880662,4.3854,2.0,0.0,0.0
37,23,19,50.880662,4.396084,1.0,0.0,0.0
37,24,301,50.880662,4.399644,0.0,0.0,0.0
37,25,248,50.880662,4.403206,5.0,0.0,0.0
38,-3,24,50.88291,4.303498,0.0,0.0,0.0
38,1,41,50.88291,4.317742,0.0,0.0,0.0
38,2,100,50.88291,4.321302,2.0,0.0,0.0
38,5,235,50.88291,4.331986,2.0,0.0,0.0
38,6,142,50.88291,4.335546,4.0,0.0,2.0
38,7,17,50.88291,4.339108,0.0,0.0,0.0
38,8,321,50.88291,4.342668,2.0,0.0,0.0
38,9,179,50.88291,4.34623,0.0,0.0,0.0
38,10,29,50.88291,4.34979,0.0,0.0,0.0
38,11,18,50.88291,4.353352,0.0,0.0,0.0
38,20,155,50.88291,4.3854,1.0,0.0,0.0
38,25,44,50.88291,4.403206,0.0,0.0,0.0
38,26,331,50.88291,4.406766,2.0,0.0,0.0
38,27,48,50.88291,4.410328,0.0,0.0,0.0
38,37,24,50.88291,4.445938,0.0,0.0,0.0
39,-3,13,50.885156,4.303498,0.0,0.0,0.0
39,-2,52,50.885156,4.307058,2.0,0.0,0.0
39,-1,149,50.885156,4.31062,3.0,0.0,0.0
39,1,304,50.885156,4.317742,4.0,0.0,2.0
39,3,87,50.885156,4.324864,0.0,0.0,0.0
39,4,4,50.885156,4.328425,3.0,0.0,0.0
39,5,563,50.885156,4.331986,5.0,0.0,1.0
39,6,210,50.885156,4.335546,0.0,0.0,1.0
39,7,43,50.885156,4.339108,0.0,0.0,2.0
39,8,159,50.885156,4.342668,4.0,2.0,1.0
39,10,37,50.885156,4.34979,0.0,0.0,0.0
39,11,91,50.885156,4.353352,4.0,0.0,0.0
39,21,2,50.885156,4.388962,2.0,0.0,0.0
39,26,18,50.885156,4.406766,0.0,0.0,0.0
39,30,18,50.885156,4.42101,2.0,0.0,0.0
39,32,12,50.885156,4.428132,0.0,0.0,0.0
39,44,24,50.885156,4.470864,0.0,0.0,0.0
40,-2,51,50.887404,4.307058,0.0,0.0,0.0
40,-1,98,50.887404,4.31062,4.0,0.0,2.0
40,1,212,50.887404,4.317742,2.0,0.0,0.0
40,2,113,50.887404,4.321302,0.0,0.0,0.0
40,4,311,50.887404,4.328425,1.0,0.0,0.0
40,6,31,50.887404,4.335546,0.0,0.0,0.0
40,7,446,50.887404,4.339108,0.0,0.0,0.0
40,8,219,50.887404,4.342668,4.0,0.0,1.0
40,9,24,50.887404,4.34623,0.0,0.0,0.0
40,11,128,50.887404,4.353352,0.0,0.0,0.0
40,12,68,50.887404,4.356912,0.0,0.0,0.0
40,18,142,50.887404,4.378278,3.0,0.0,2.0
40,29,24,50.887404,4.41745,0.0,0.0,0.0
40,30,11,50.887404,4.42101,0.0,0.0,0.0
41,-11,24,50.88965,4.27501,0.0,0.0,0.0
41,-1,226,50.88965,4.31062,4.0,0.0,2.0
41,0,128,50.88965,4.31418,1.0,0.0,0.0
41,1,254,50.88965,4.317742,1.0,0.0,0.0
41,2,126,50.88965,4.321302,2.0,0.0,0.0
41,3,150,50.88965,4.324864,0.0,0.0,0.0
41,4,248,50.88965,4.328425,2.0,0.0,1.0
41,6,380,50.88965,4.335546,4.0,0.0,2.0
41,7,331,50.88965,4.339108,0.0,2.0,0.0
41,8,234,50.88965,4.342668,0.0,0.0,0.0
41,9,430,50.88965,4.34623,0.0,0.0,1.0
41,11,24,50.88965,4.353352,0.0,0.0,0.0
41,16,8,50.88965,4.371157,0.0,0.0,0.0
41,17,106,50.88965,4.374718,0.0,0.0,0.0
41,18,43,50.88965,4.378278,0.0,0.0,2.0
41,19,3,50.88965,4.38184,2.0,0.0,0.0
41,20,304,50.88965,4.3854,0.0,0.0,0.0
41,22,95,50.88965,4.392522,1.0,0.0,0.0
41,28,24,50.88965,4.413889,1.0,0.0,0.0
41,29,877,50.88965,4.41745,1.0,0.0,0.0
41,30,917,50.88965,4.42101,0.0,0.0,0.0
41,32,25,50.88965,4.428132,0.0,0.0,0.0
42,-1,25,50.891898,4.31062,0.0,0.0,0.0
42,0,200,50.891898,4.31418,3.0,0.0,2.0
42,1,121,50.891898,4.317742,0.0,0.0,0.0
42,2,412,50.891898,4.321302,0.0,0.0,0.0
42,3,264,50.891898,4.324864,4.0,0.0,0.0
42,4,217,50.891898,4.328425,0.0,0.0,0.0
42,8,25,50.891898,4.342668,0.0,0.0,0.0
42,9,27,50.891898,4.34623,0.0,0.0,2.0
42,14,2,50.891898,4.364034,0.0,0.0,1.0
42,15,25,50.891898,4.367596,0.0,0.0,2.0
42,16,15,50.891898,4.371157,0.0,0.0,0.0
42,17,13,50.891898,4.374718,0.0,0.0,0.0
42,18,29,50.891898,4.378278,0.0,0.0,0.0
42,19,16,50.891898,4.38184,0.0,0.0,0.0
42,24,24,50.891898,4.399644,0.0,0.0,0.0
42,29,519,50.891898,4.41745,2.0,0.0,0.0
42,30,492,50.891898,4.42101,1.0,0.0,0.0
42,32,5,50.891898,4.428132,0.0,0.0,0.0
42,36,24,50.891898,4.442376,0.0,0.0,0.0
43,0,139,50.894144,4.31418,1.0,0.0,0.0
43,1,309,50.894144,4.317742,1.0,0.0,1.0
43,2,45,50.894144,4.321302,1.0,0.0,1.0
43,4,292,50.894144,4.328425,0.0,0.0,0.0
43,5,438,50.894144,4.331986,4.0,0.0,6.0
43,6,29,50.894144,4.335546,0.0,0.0,0.0
43,7,3,50.894144,4.339108,0.0,0.0,0.0
43,8,216,50.894144,4.342668,0.0,0.0,0.0
43,9,5,50.894144,4.34623,0.0,0.0,0.0
43,10,124,50.894144,4.34979,0.0,0.0,0.0
43,11,45,50.894144,4.353352,0.0,0.0,0.0
43,12,88,50.894144,4.356912,1.0,0.0,1.0
43,14,11,50.894144,4.364034,0.0,0.0,1.0
43,16,27,50.894144,4.371157,0.0,0.0,0.0
43,18,179,50.894144,4.378278,0.0,0.0,0.0
43,19,411,50.894144,4.38184,2.0,0.0,2.0
43,21,9,50.894144,4.388962,0.0,0.0,1.0
43,22,9,50.894144,4.392522,2.0,0.0,0.0
43,29,7,50.894144,4.41745,0.0,0.0,0.0
43,30,5,50.894144,4.42101,0.0,0.0,0.0
43,33,26,50.894144,4.431694,2.0,0.0,0.0
43,34,3,50.894144,4.435254,0.0,0.0,0.0
44,-1,1,50.896392,4.31062,0.0,0.0,0.0
44,0,24,50.896392,4.31418,0.0,0.0,0.0
44,2,50,50.896392,4.321302,0.0,0.0,0.0
44,3,31,50.896392,4.324864,0.0,0.0,0.0
44,4,685,50.896392,4.328425,8.0,1.0,2.0
44,6,53,50.896392,4.335546,2.0,2.0,0.0
44,7,294,50.896392,4.339108,0.0,0.0,3.0
44,8,15,50.896392,4.342668,0.0,0.0,0.0
44,9,24,50.896392,4.34623,0.0,0.0,0.0
44,10,48,50.896392,4.34979,0.0,0.0,0.0
44,11,2,50.896392,4.353352,0.0,0.0,1.0
44,12,191,50.896392,4.356912,3.0,0.0,2.0
44,13,11,50.896392,4.360474,1.0,0.0,0.0
44,14,33,50.896392,4.364034,3.0,0.0,0.0
44,16,174,50.896392,4.371157,2.0,0.0,0.0
44,17,43,50.896392,4.374718,0.0,0.0,0.0
44,18,95,50.896392,4.378278,2.0,0.0,0.0
44,19,20,50.896392,4.38184,2.0,0.0,0.0
44,20,15,50.896392,4.3854,0.0,0.0,0.0
44,21,259,50.896392,4.388962,2.0,0.0,1.0
44,22,24,50.896392,4.392522,0.0,0.0,2.0
44,23,18,50.896392,4.396084,0.0,0.0,0.0
44,29,9,50.896392,4.41745,0.0,0.0,0.0
44,30,10,50.896392,4.42101,2.0,0.0,0.0
44,33,31,50.896392,4.431694,0.0,0.0,0.0
45,2,1,50.898638,4.321302,1.0,0.0,0.0
45,3,37,50.898638,4.324864,0.0,0.0,0.0
45,4,622,50.898638,4.328425,0.0,0.0,0.0
45,5,81,50.898638,4.331986,0.0,0.0,0.0
45,6,44,50.898638,4.335546,1.0,0.0,0.0
45,7,3,50.898638,4.339108,1.0,0.0,0.0
45,9,226,50.898638,4.34623,0.0,0.0,0.0
45,11,46,50.898638,4.353352,0.0,0.0,0.0
45,12,404,50.898638,4.356912,2.0,0.0,0.0
45,13,19,50.898638,4.360474,2.0,0.0,0.0
45,14,256,50.898638,4.364034,0.0,0.0,0.0
45,15,34,50.898638,4.367596,0.0,0.0,0.0
45,17,50,50.898638,4.374718,0.0,0.0,0.0
45,20,104,50.898638,4.3854,1.0,0.0,0.0
45,22,31,50.898638,4.392522,0.0,0.0,0.0
45,23,491,50.898638,4.396084,0.0,0.0,1.0
45,24,33,50.898638,4.399644,1.0,0.0,1.0
45,25,275,50.898638,4.403206,2.0,0.0,0.0
46,4,69,50.900886,4.328425,1.0,0.0,0.0
46,6,127,50.900886,4.335546,0.0,0.0,0.0
46,9,162,50.900886,4.34623,2.0,0.0,0.0
46,10,149,50.900886,4.34979,1.0,0.0,1.0
46,12,1084,50.900886,4.356912,3.0,0.0,0.0
46,13,68,50.900886,4.360474,0.0,0.0,0.0
46,14,548,50.900886,4.364034,0.0,0.0,0.0
46,15,19,50.900886,4.367596,0.0,0.0,0.0
46,18,5,50.900886,4.378278,0.0,0.0,0.0
46,20,119,50.900886,4.3854,2.0,0.0,0.0
46,24,46,50.900886,4.399644,0.0,0.0,0.0
46,31,24,50.900886,4.424572,1.0,0.0,0.0
47,-2,24,50.903132,4.307058,0.0,0.0,0.0
47,7,25,50.903132,4.339108,0.0,0.0,0.0
47,8,8,50.903132,4.342668,1.0,0.0,0.0
47,13,56,50.903132,4.360474,0.0,0.0,0.0
47,31,10,50.903132,4.424572,0.0,0.0,0.0
47,32,14,50.903132,4.428132,0.0,0.0,0.0
48,12,24,50.905379,4.356912,0.0,0.0,0.0
48,21,12,50.905379,4.388962,0.0,0.0,0.0
48,26,402,50.905379,4.406766,0.0,0.0,0.0
48,28,13,50.905379,4.413889,0.0,0.0,0.0
48,29,24,50.905379,4.41745,0.0,0.0,0.0
48,30,6,50.905379,4.42101,0.0,0.0,0.0
49,12,24,50.907626,4.356912,0.0,0.0,0.0
49,21,19,50.907626,4.388962,2.0,0.0,2.0
49,24,290,50.907626,4.399644,0.0,0.0,0.0
49,26,180,50.907626,4.406766,2.0,0.0,0.0
49,28,24,50.907626,4.413889,0.0,0.0,0.0
49,34,24,50.907626,4.435254,0.0,0.0,0.0
50,12,24,50.909873,4.356912,0.0,0.0,0.0
50,21,48,50.909873,4.388962,0.0,0.0,0.0
50,22,58,50.909873,4.392522,0.0,0.0,0.0
50,30,24,50.909873,4.42101,0.0,0.0,0.0
51,13,24,50.91212,4.360474,0.0,0.0,0.0
51,21,72,50.91212,4.388962,0.0,0.0,0.0
51,22,24,50.91212,4.392522,0.0,0.0,0.0
52,22,24,50.914368,4.392522,0.0,0.0,0.0
53,29,24,50.916614,4.41745,0.0,0.0,0.0
56,-69,24,50.923356,4.068472,0.0,0.0,0.0
470,420,24,51.853614,5.8098,0.0,0.0,0.0
