grid_row,grid_col,count,approx_lat,approx_lon
-820,-586,24,48.9549835,2.2274345
-694,-611,24,49.238105499999996,2.1384095000000003
-687,-83,24,49.253834499999996,4.0186175
-178,42,9,50.3975575,4.4637425
-74,354,74,50.6312455,5.5747745
-66,363,6,50.649221499999996,5.6068235
-39,-24,24,50.7098905,4.2287165
-19,-14,50,50.7548305,4.2643265
-14,18,24,50.766065499999996,4.3782785
-10,7,47,50.7750535,4.3391075
-9,11,95,50.777300499999996,4.3533515000000005
-9,15,9,50.777300499999996,4.3675955
-8,8,38,50.7795475,4.3426685
-8,11,24,50.7795475,4.3533515000000005
-7,3,261,50.7817945,4.3248635
-7,5,1,50.7817945,4.3319855
-7,9,6,50.7817945,4.346229500000001
-6,3,131,50.7840415,4.3248635
-6,7,38,50.7840415,4.3391075
-6,8,24,50.7840415,4.3426685
-6,11,24,50.7840415,4.3533515000000005
-6,18,2,50.7840415,4.3782785
-5,3,24,50.7862885,4.3248635
-5,4,310,50.7862885,4.328424500000001
-5,5,17,50.7862885,4.3319855
-5,7,10,50.7862885,4.3391075
-5,12,24,50.7862885,4.3569125
-5,16,1,50.7862885,4.3711565000000006
-5,17,124,50.7862885,4.3747175
-5,18,27,50.7862885,4.3782785
-4,1,24,50.7885355,4.3177415
-4,6,15,50.7885355,4.3355465
-4,11,48,50.7885355,4.3533515000000005
-4,17,13,50.7885355,4.3747175
-4,18,815,50.7885355,4.3782785
-4,20,1,50.7885355,4.3854005
-4,31,101,50.7885355,4.4245715
-3,5,269,50.7907825,4.3319855
-3,6,276,50.7907825,4.3355465
-3,14,23,50.7907825,4.3640345
-3,29,11,50.7907825,4.4174495
-3,30,143,50.7907825,4.4210105
-3,31,153,50.7907825,4.4245715
-2,1,10,50.793029499999996,4.3177415
-2,3,48,50.793029499999996,4.3248635
-2,5,205,50.793029499999996,4.3319855
-2,7,14,50.793029499999996,4.3391075
-2,8,37,50.793029499999996,4.3426685
-2,14,17,50.793029499999996,4.3640345
-2,31,118,50.793029499999996,4.4245715
-1,-1,24,50.7952765,4.3106195000000005
-1,2,17,50.7952765,4.3213025
-1,4,48,50.7952765,4.328424500000001
-1,5,82,50.7952765,4.3319855
-1,6,24,50.7952765,4.3355465
-1,7,45,50.7952765,4.3391075
-1,9,2,50.7952765,4.346229500000001
-1,10,1,50.7952765,4.3497905
-1,11,4,50.7952765,4.3533515000000005
-1,13,24,50.7952765,4.3604735
-1,15,14,50.7952765,4.3675955
-1,18,3,50.7952765,4.3782785
-1,29,166,50.7952765,4.4174495
-1,30,19,50.7952765,4.4210105
0,-4,1,50.7975235,4.2999365
0,-2,24,50.7975235,4.3070585
0,-1,24,50.7975235,4.3106195000000005
0,0,654,50.7975235,4.3141805
0,1,2,50.7975235,4.3177415
0,2,186,50.7975235,4.3213025
0,3,12,50.7975235,4.3248635
0,4,32,50.7975235,4.328424500000001
0,5,94,50.7975235,4.3319855
0,6,354,50.7975235,4.3355465
0,7,1,50.7975235,4.3391075
0,9,22,50.7975235,4.346229500000001
0,10,1,50.7975235,4.3497905
0,11,19,50.7975235,4.3533515000000005
0,14,19,50.7975235,4.3640345
0,15,60,50.7975235,4.3675955
0,16,20,50.7975235,4.3711565000000006
0,17,6,50.7975235,4.3747175
0,23,193,50.7975235,4.3960835000000005
0,24,71,50.7975235,4.3996445
0,25,180,50.7975235,4.4032055
0,26,171,50.7975235,4.4067665
0,27,448,50.7975235,4.4103275
0,28,244,50.7975235,4.4138885000000005
0,29,342,50.7975235,4.4174495
1,-5,24,50.7997705,4.2963755
1,0,107,50.7997705,4.3141805
1,1,36,50.7997705,4.3177415
1,2,18,50.7997705,4.3213025
1,4,9,50.7997705,4.328424500000001
1,6,2,50.7997705,4.3355465
1,7,11,50.7997705,4.3391075
1,8,11,50.7997705,4.3426685
1,11,46,50.7997705,4.3533515000000005
1,12,2,50.7997705,4.3569125
1,17,533,50.7997705,4.3747175
1,18,10,50.7997705,4.3782785
1,20,12,50.7997705,4.3854005
1,22,19,50.7997705,4.3925225
1,24,59,50.7997705,4.3996445
1,25,75,50.7997705,4.4032055
1,26,346,50.7997705,4.4067665
1,28,20,50.7997705,4.4138885000000005
1,29,299,50.7997705,4.4174495
1,30,4,50.7997705,4.4210105
1,31,24,50.7997705,4.4245715
2,-6,18,50.8020175,4.2928145
2,0,104,50.8020175,4.3141805
2,1,839,50.8020175,4.3177415
2,2,484,50.8020175,4.3213025
2,4,4,50.8020175,4.328424500000001
2,6,276,50.8020175,4.3355465
2,7,20,50.8020175,4.3391075
2,8,21,50.8020175,4.3426685
2,11,3,50.8020175,4.3533515000000005
2,13,25,50.8020175,4.3604735
2,17,273,50.8020175,4.3747175
2,21,162,50.8020175,4.388961500000001
2,22,182,50.8020175,4.3925225
2,23,185,50.8020175,4.3960835000000005
2,24,102,50.8020175,4.3996445
2,25,1,50.8020175,4.4032055
2,26,65,50.8020175,4.4067665
2,28,133,50.8020175,4.4138885000000005
2,29,68,50.8020175,4.4174495
2,30,240,50.8020175,4.4210105
2,31,79,50.8020175,4.4245715
2,32,164,50.8020175,4.4281325
2,33,31,50.8020175,4.431693500000001
2,34,11,50.8020175,4.4352545
2,35,24,50.8020175,4.4388155000000005
3,0,760,50.804264499999995,4.3141805
3,1,51,50.804264499999995,4.3177415
3,6,26,50.804264499999995,4.3355465
3,7,29,50.804264499999995,4.3391075
3,8,258,50.804264499999995,4.3426685
3,10,16,50.804264499999995,4.3497905
3,12,80,50.804264499999995,4.3569125
3,13,24,50.804264499999995,4.3604735
3,15,4,50.804264499999995,4.3675955
3,16,952,50.804264499999995,4.3711565000000006
3,18,38,50.804264499999995,4.3782785
3,23,13,50.804264499999995,4.3960835000000005
3,24,111,50.804264499999995,4.3996445
3,26,131,50.804264499999995,4.4067665
3,27,36,50.804264499999995,4.4103275
3,28,14,50.804264499999995,4.4138885000000005
3,29,2,50.804264499999995,4.4174495
3,30,137,50.804264499999995,4.4210105
3,31,249,50.804264499999995,4.4245715
3,32,90,50.804264499999995,4.4281325
3,34,166,50.804264499999995,4.4352545
3,35,247,50.804264499999995,4.4388155000000005
4,-6,24,50.8065115,4.2928145
4,0,222,50.8065115,4.3141805
4,1,10,50.8065115,4.3177415
4,2,4,50.8065115,4.3213025
4,3,357,50.8065115,4.3248635
4,5,28,50.8065115,4.3319855
4,6,15,50.8065115,4.3355465
4,7,40,50.8065115,4.3391075
4,12,43,50.8065115,4.3569125
4,13,6,50.8065115,4.3604735
4,15,5,50.8065115,4.3675955
4,16,12,50.8065115,4.3711565000000006
4,17,18,50.8065115,4.3747175
4,18,74,50.8065115,4.3782785
4,19,51,50.8065115,4.3818395
4,20,151,50.8065115,4.3854005
4,21,95,50.8065115,4.388961500000001
4,22,62,50.8065115,4.3925225
4,23,56,50.8065115,4.3960835000000005
4,25,60,50.8065115,4.4032055
4,26,266,50.8065115,4.4067665
4,27,32,50.8065115,4.4103275
4,28,171,50.8065115,4.4138885000000005
4,30,156,50.8065115,4.4210105
4,35,143,50.8065115,4.4388155000000005
5,-6,48,50.808758499999996,4.2928145
5,-3,24,50.808758499999996,4.303497500000001
5,-2,24,50.808758499999996,4.3070585
5,0,603,50.808758499999996,4.3141805
5,1,234,50.808758499999996,4.3177415
5,2,36,50.808758499999996,4.3213025
5,3,256,50.808758499999996,4.3248635
5,4,24,50.808758499999996,4.328424500000001
5,5,10,50.808758499999996,4.3319855
5,6,218,50.808758499999996,4.3355465
5,7,60,50.808758499999996,4.3391075
5,8,35,50.808758499999996,4.3426685
5,10,24,50.808758499999996,4.3497905
5,13,2,50.808758499999996,4.3604735
5,14,11,50.808758499999996,4.3640345
5,15,5,50.808758499999996,4.3675955
5,16,6,50.808758499999996,4.3711565000000006
5,18,69,50.808758499999996,4.3782785
5,19,123,50.808758499999996,4.3818395
5,20,73,50.808758499999996,4.3854005
5,21,200,50.808758499999996,4.388961500000001
5,22,158,50.808758499999996,4.3925225
5,23,236,50.808758499999996,4.3960835000000005
5,24,28,50.808758499999996,4.3996445
5,25,100,50.808758499999996,4.4032055
5,28,264,50.808758499999996,4.4138885000000005
5,29,7,50.808758499999996,4.4174495
5,30,391,50.808758499999996,4.4210105
5,31,56,50.808758499999996,4.4245715
5,32,51,50.808758499999996,4.4281325
5,33,166,50.808758499999996,4.431693500000001
5,35,304,50.808758499999996,4.4388155000000005
5,36,308,50.808758499999996,4.4423765
5,37,48,50.808758499999996,4.4459375
6,-8,230,50.8110055,4.285692500000001
6,-6,3,50.8110055,4.2928145
6,-4,48,50.8110055,4.2999365
6,-2,24,50.8110055,4.3070585
6,0,423,50.8110055,4.3141805
6,1,138,50.8110055,4.3177415
6,2,7,50.8110055,4.3213025
6,3,178,50.8110055,4.3248635
6,4,148,50.8110055,4.328424500000001
6,5,2,50.8110055,4.3319855
6,6,317,50.8110055,4.3355465
6,7,104,50.8110055,4.3391075
6,8,11,50.8110055,4.3426685
6,9,2,50.8110055,4.346229500000001
6,10,49,50.8110055,4.3497905
6,11,100,50.8110055,4.3533515000000005
6,12,6,50.8110055,4.3569125
6,13,89,50.8110055,4.3604735
6,14,73,50.8110055,4.3640345
6,15,638,50.8110055,4.3675955
6,16,114,50.8110055,4.3711565000000006
6,18,123,50.8110055,4.3782785
6,19,72,50.8110055,4.3818395
6,20,85,50.8110055,4.3854005
6,21,118,50.8110055,4.388961500000001
6,22,115,50.8110055,4.3925225
6,23,40,50.8110055,4.3960835000000005
6,24,87,50.8110055,4.3996445
6,25,281,50.8110055,4.4032055
6,27,91,50.8110055,4.4103275
6,29,386,50.8110055,4.4174495
6,30,49,50.8110055,4.4210105
6,31,175,50.8110055,4.4245715
6,32,129,50.8110055,4.4281325
6,33,38,50.8110055,4.431693500000001
6,34,310,50.8110055,4.4352545
6,35,236,50.8110055,4.4388155000000005
7,-11,5,50.8132525,4.2750095
7,-10,19,50.8132525,4.2785705
7,-7,6,50.8132525,4.2892535
7,-4,24,50.8132525,4.2999365
7,-3,30,50.8132525,4.303497500000001
7,-2,1,50.8132525,4.3070585
7,-1,300,50.8132525,4.3106195000000005
7,1,302,50.8132525,4.3177415
7,2,237,50.8132525,4.3213025
7,3,13,50.8132525,4.3248635
7,4,14,50.8132525,4.328424500000001
7,5,5,50.8132525,4.3319855
7,6,14,50.8132525,4.3355465
7,7,5,50.8132525,4.3391075
7,8,2,50.8132525,4.3426685
7,9,176,50.8132525,4.346229500000001
7,10,3,50.8132525,4.3497905
7,11,26,50.8132525,4.3533515000000005
7,12,143,50.8132525,4.3569125
7,13,28,50.8132525,4.3604735
7,14,1,50.8132525,4.3640345
7,15,1,50.8132525,4.3675955
7,16,3,50.8132525,4.3711565000000006
7,17,2,50.8132525,4.3747175
7,18,273,50.8132525,4.3782785
7,19,26,50.8132525,4.3818395
7,20,100,50.8132525,4.3854005
7,21,62,50.8132525,4.388961500000001
7,22,10,50.8132525,4.3925225
7,23,436,50.8132525,4.3960835000000005
7,24,46,50.8132525,4.3996445
7,25,67,50.8132525,4.4032055
7,26,27,50.8132525,4.4067665
7,27,134,50.8132525,4.4103275
7,28,40,50.8132525,4.4138885000000005
7,29,2,50.8132525,4.4174495
7,30,247,50.8132525,4.4210105
7,32,444,50.8132525,4.4281325
7,33,2,50.8132525,4.431693500000001
7,34,221,50.8132525,4.4352545
7,35,319,50.8132525,4.4388155000000005
8,-12,305,50.8154995,4.2714485
8,-10,28,50.8154995,4.2785705
8,-8,110,50.8154995,4.285692500000001
8,-7,35,50.8154995,4.2892535
8,-6,132,50.8154995,4.2928145
8,-5,60,50.8154995,4.2963755
8,-4,59,50.8154995,4.2999365
8,-1,310,50.8154995,4.3106195000000005
8,0,29,50.8154995,4.3141805
8,1,1,50.8154995,4.3177415
8,3,3,50.8154995,4.3248635
8,6,201,50.8154995,4.3355465
8,7,291,50.8154995,4.3391075
8,8,194,50.8154995,4.3426685
8,9,175,50.8154995,4.346229500000001
8,10,389,50.8154995,4.3497905
8,11,460,50.8154995,4.3533515000000005
8,13,13,50.8154995,4.3604735
8,14,281,50.8154995,4.3640345
8,15,627,50.8154995,4.3675955
8,16,533,50.8154995,4.3711565000000006
8,17,45,50.8154995,4.3747175
8,18,177,50.8154995,4.3782785
8,19,161,50.8154995,4.3818395
8,20,86,50.8154995,4.3854005
8,21,264,50.8154995,4.388961500000001
8,22,73,50.8154995,4.3925225
8,27,489,50.8154995,4.4103275
8,28,87,50.8154995,4.4138885000000005
8,29,189,50.8154995,4.4174495
8,30,24,50.8154995,4.4210105
8,31,301,50.8154995,4.4245715
8,32,6,50.8154995,4.4281325
8,33,796,50.8154995,4.431693500000001
8,35,16,50.8154995,4.4388155000000005
9,-15,4,50.8177465,4.260765500000001
9,-14,409,50.8177465,4.2643265
9,-13,129,50.8177465,4.2678875000000005
9,-9,266,50.8177465,4.2821315
9,-8,38,50.8177465,4.285692500000001
9,-7,1,50.8177465,4.2892535
9,-5,128,50.8177465,4.2963755
9,-4,140,50.8177465,4.2999365
9,-3,18,50.8177465,4.303497500000001
9,-1,24,50.8177465,4.3106195000000005
9,0,1,50.8177465,4.3141805
9,2,289,50.8177465,4.3213025
9,3,205,50.8177465,4.3248635
9,4,170,50.8177465,4.328424500000001
9,5,228,50.8177465,4.3319855
9,6,493,50.8177465,4.3355465
9,7,119,50.8177465,4.3391075
9,8,8,50.8177465,4.3426685
9,9,81,50.8177465,4.346229500000001
9,10,14,50.8177465,4.3497905
9,11,238,50.8177465,4.3533515000000005
9,12,391,50.8177465,4.3569125
9,13,5,50.8177465,4.3604735
9,14,168,50.8177465,4.3640345
9,15,330,50.8177465,4.3675955
9,16,367,50.8177465,4.3711565000000006
9,17,41,50.8177465,4.3747175
9,18,119,50.8177465,4.3782785
9,19,30,50.8177465,4.3818395
9,20,139,50.8177465,4.3854005
9,21,186,50.8177465,4.388961500000001
9,22,131,50.8177465,4.3925225
9,23,26,50.8177465,4.3960835000000005
9,24,226,50.8177465,4.3996445
9,25,268,50.8177465,4.4032055
9,26,68,50.8177465,4.4067665
9,27,131,50.8177465,4.4103275
9,28,25,50.8177465,4.4138885000000005
9,29,186,50.8177465,4.4174495
9,30,147,50.8177465,4.4210105
9,31,376,50.8177465,4.4245715
9,33,4,50.8177465,4.431693500000001
9,34,1,50.8177465,4.4352545
9,35,186,50.8177465,4.4388155000000005
9,38,304,50.8177465,4.4494985
10,-9,50,50.819993499999995,4.2821315
10,-8,147,50.819993499999995,4.285692500000001
10,-7,49,50.819993499999995,4.2892535
10,-5,117,50.819993499999995,4.2963755
10,-4,2,50.819993499999995,4.2999365
10,-3,35,50.819993499999995,4.303497500000001
10,-2,134,50.819993499999995,4.3070585
10,-1,168,50.819993499999995,4.3106195000000005
10,0,305,50.819993499999995,4.3141805
10,1,25,50.819993499999995,4.3177415
10,2,54,50.819993499999995,4.3213025
10,3,199,50.819993499999995,4.3248635
10,4,249,50.819993499999995,4.328424500000001
10,5,469,50.819993499999995,4.3319855
10,6,415,50.819993499999995,4.3355465
10,7,167,50.819993499999995,4.3391075
10,8,331,50.819993499999995,4.3426685
10,9,34,50.819993499999995,4.346229500000001
10,10,95,50.819993499999995,4.3497905
10,11,282,50.819993499999995,4.3533515000000005
10,12,142,50.819993499999995,4.3569125
10,13,949,50.819993499999995,4.3604735
10,14,146,50.819993499999995,4.3640345
10,15,368,50.819993499999995,4.3675955
10,16,379,50.819993499999995,4.3711565000000006
10,17,96,50.819993499999995,4.3747175
10,18,194,50.819993499999995,4.3782785
10,19,233,50.819993499999995,4.3818395
10,20,35,50.819993499999995,4.3854005
10,21,266,50.819993499999995,4.388961500000001
10,22,46,50.819993499999995,4.3925225
10,25,8,50.819993499999995,4.4032055
10,26,102,50.819993499999995,4.4067665
10,27,252,50.819993499999995,4.4103275
10,28,46,50.819993499999995,4.4138885000000005
10,29,24,50.819993499999995,4.4174495
10,30,82,50.819993499999995,4.4210105
10,31,99,50.819993499999995,4.4245715
10,32,257,50.819993499999995,4.4281325
10,33,24,50.819993499999995,4.431693500000001
11,-13,24,50.8222405,4.2678875000000005
11,-8,3,50.8222405,4.285692500000001
11,-7,92,50.8222405,4.2892535
11,-6,144,50.8222405,4.2928145
11,-5,79,50.8222405,4.2963755
11,-4,30,50.8222405,4.2999365
11,-3,33,50.8222405,4.303497500000001
11,-2,86,50.8222405,4.3070585
11,0,23,50.8222405,4.3141805
11,1,435,50.8222405,4.3177415
11,2,156,50.8222405,4.3213025
11,3,88,50.8222405,4.3248635
11,4,216,50.8222405,4.328424500000001
11,5,160,50.8222405,4.3319855
11,6,20,50.8222405,4.3355465
11,8,335,50.8222405,4.3426685
11,9,67,50.8222405,4.346229500000001
11,10,139,50.8222405,4.3497905
11,11,244,50.8222405,4.3533515000000005
11,12,286,50.8222405,4.3569125
11,13,270,50.8222405,4.3604735
11,14,250,50.8222405,4.3640345
11,15,569,50.8222405,4.3675955
11,16,13,50.8222405,4.3711565000000006
11,17,159,50.8222405,4.3747175
11,18,40,50.8222405,4.3782785
11,19,4,50.8222405,4.3818395
11,20,260,50.8222405,4.3854005
11,21,239,50.8222405,4.388961500000001
11,22,41,50.8222405,4.3925225
11,23,37,50.8222405,4.3960835000000005
11,25,201,50.8222405,4.4032055
11,26,229,50.8222405,4.4067665
11,29,2,50.8222405,4.4174495
11,31,8,50.8222405,4.4245715
11,33,190,50.8222405,4.431693500000001
11,41,280,50.8222405,4.4601815
11,42,22,50.8222405,4.4637425
12,-10,18,50.8244875,4.2785705
12,-9,122,50.8244875,4.2821315
12,-8,19,50.8244875,4.285692500000001
12,-7,64,50.8244875,4.2892535
12,-6,53,50.8244875,4.2928145
12,-5,188,50.8244875,4.2963755
12,-4,194,50.8244875,4.2999365
12,-3,59,50.8244875,4.303497500000001
12,-2,102,50.8244875,4.3070585
12,-1,2,50.8244875,4.3106195000000005
12,0,231,50.8244875,4.3141805
12,1,24,50.8244875,4.3177415
12,2,14,50.8244875,4.3213025
12,3,302,50.8244875,4.3248635
12,4,578,50.8244875,4.328424500000001
12,5,464,50.8244875,4.3319855
12,6,150,50.8244875,4.3355465
12,7,162,50.8244875,4.3391075
12,8,552,50.8244875,4.3426685
12,9,232,50.8244875,4.346229500000001
12,10,276,50.8244875,4.3497905
12,11,300,50.8244875,4.3533515000000005
12,12,308,50.8244875,4.3569125
12,13,486,50.8244875,4.3604735
12,14,238,50.8244875,4.3640345
12,15,459,50.8244875,4.3675955
12,16,99,50.8244875,4.3711565000000006
12,17,139,50.8244875,4.3747175
12,18,201,50.8244875,4.3782785
12,19,23,50.8244875,4.3818395
12,20,31,50.8244875,4.3854005
12,22,83,50.8244875,4.3925225
12,24,224,50.8244875,4.3996445
12,27,294,50.8244875,4.4103275
12,28,175,50.8244875,4.4138885000000005
12,30,15,50.8244875,4.4210105
12,31,91,50.8244875,4.4245715
12,33,159,50.8244875,4.431693500000001
12,37,17,50.8244875,4.4459375
12,40,179,50.8244875,4.4566205000000005
12,41,42,50.8244875,4.4601815
12,42,2,50.8244875,4.4637425
12,45,10,50.8244875,4.474425500000001
13,-11,184,50.8267345,4.2750095
13,-10,250,50.8267345,4.2785705
13,-8,3,50.8267345,4.285692500000001
13,-7,23,50.8267345,4.2892535
13,-6,49,50.8267345,4.2928145
13,-5,28,50.8267345,4.2963755
13,-4,65,50.8267345,4.2999365
13,-3,29,50.8267345,4.303497500000001
13,-2,62,50.8267345,4.3070585
13,-1,5,50.8267345,4.3106195000000005
13,0,63,50.8267345,4.3141805
13,1,24,50.8267345,4.3177415
13,3,21,50.8267345,4.3248635
13,4,341,50.8267345,4.328424500000001
13,5,16,50.8267345,4.3319855
13,6,516,50.8267345,4.3355465
13,7,159,50.8267345,4.3391075
13,8,33,50.8267345,4.3426685
13,9,460,50.8267345,4.346229500000001
13,10,155,50.8267345,4.3497905
13,11,417,50.8267345,4.3533515000000005
13,12,819,50.8267345,4.3569125
13,13,595,50.8267345,4.3604735
13,14,830,50.8267345,4.3640345
13,15,174,50.8267345,4.3675955
13,16,358,50.8267345,4.3711565000000006
13,17,114,50.8267345,4.3747175
13,18,46,50.8267345,4.3782785
13,19,68,50.8267345,4.3818395
13,20,345,50.8267345,4.3854005
13,21,268,50.8267345,4.388961500000001
13,23,59,50.8267345,4.3960835000000005
13,24,36,50.8267345,4.3996445
13,25,63,50.8267345,4.4032055
13,26,181,50.8267345,4.4067665
13,28,87,50.8267345,4.4138885000000005
13,29,210,50.8267345,4.4174495
13,33,31,50.8267345,4.431693500000001
13,37,156,50.8267345,4.4459375
13,39,24,50.8267345,4.4530595
13,40,160,50.8267345,4.4566205000000005
13,41,39,50.8267345,4.4601815
13,42,53,50.8267345,4.4637425
13,45,24,50.8267345,4.474425500000001
14,-8,47,50.8289815,4.285692500000001
14,-7,140,50.8289815,4.2892535
14,-5,157,50.8289815,4.2963755
14,-4,63,50.8289815,4.2999365
14,-3,145,50.8289815,4.303497500000001
14,-2,190,50.8289815,4.3070585
14,-1,138,50.8289815,4.3106195000000005
14,0,27,50.8289815,4.3141805
14,1,277,50.8289815,4.3177415
14,4,152,50.8289815,4.328424500000001
14,5,246,50.8289815,4.3319855
14,6,260,50.8289815,4.3355465
14,7,479,50.8289815,4.3391075
14,8,136,50.8289815,4.3426685
14,9,107,50.8289815,4.346229500000001
14,10,81,50.8289815,4.3497905
14,11,234,50.8289815,4.3533515000000005
14,12,94,50.8289815,4.3569125
14,13,504,50.8289815,4.3604735
14,14,232,50.8289815,4.3640345
14,15,176,50.8289815,4.3675955
14,16,102,50.8289815,4.3711565000000006
14,17,224,50.8289815,4.3747175
14,18,119,50.8289815,4.3782785
14,19,127,50.8289815,4.3818395
14,20,354,50.8289815,4.3854005
14,21,175,50.8289815,4.388961500000001
14,22,320,50.8289815,4.3925225
14,23,524,50.8289815,4.3960835000000005
14,25,38,50.8289815,4.4032055
14,26,118,50.8289815,4.4067665
14,27,52,50.8289815,4.4103275
14,29,7,50.8289815,4.4174495
14,32,1,50.8289815,4.4281325
14,33,24,50.8289815,4.431693500000001
14,38,106,50.8289815,4.4494985
14,39,114,50.8289815,4.4530595
14,40,73,50.8289815,4.4566205000000005
14,41,65,50.8289815,4.4601815
14,42,121,50.8289815,4.4637425
15,-15,33,50.8312285,4.260765500000001
15,-8,19,50.8312285,4.285692500000001
15,-6,38,50.8312285,4.2928145
15,-4,85,50.8312285,4.2999365
15,-3,13,50.8312285,4.303497500000001
15,-2,12,50.8312285,4.3070585
15,-1,27,50.8312285,4.3106195000000005
15,0,195,50.8312285,4.3141805
15,1,450,50.8312285,4.3177415
15,2,8,50.8312285,4.3213025
15,3,39,50.8312285,4.3248635
15,5,134,50.8312285,4.3319855
15,6,546,50.8312285,4.3355465
15,7,307,50.8312285,4.3391075
15,8,292,50.8312285,4.3426685
15,9,195,50.8312285,4.346229500000001
15,10,217,50.8312285,4.3497905
15,11,366,50.8312285,4.3533515000000005
15,12,137,50.8312285,4.3569125
15,13,567,50.8312285,4.3604735
15,14,391,50.8312285,4.3640345
15,15,876,50.8312285,4.3675955
15,16,128,50.8312285,4.3711565000000006
15,17,101,50.8312285,4.3747175
15,18,83,50.8312285,4.3782785
15,19,126,50.8312285,4.3818395
15,20,179,50.8312285,4.3854005
15,21,527,50.8312285,4.388961500000001
15,22,594,50.8312285,4.3925225
15,24,139,50.8312285,4.3996445
15,25,93,50.8312285,4.4032055
15,26,29,50.8312285,4.4067665
15,27,30,50.8312285,4.4103275
15,28,66,50.8312285,4.4138885000000005
15,29,28,50.8312285,4.4174495
15,31,24,50.8312285,4.4245715
15,34,78,50.8312285,4.4352545
15,36,39,50.8312285,4.4423765
15,38,19,50.8312285,4.4494985
15,39,174,50.8312285,4.4530595
15,40,354,50.8312285,4.4566205000000005
15,42,5,50.8312285,4.4637425
16,-8,59,50.8334755,4.285692500000001
16,-6,2,50.8334755,4.2928145
16,-5,22,50.8334755,4.2963755
16,-4,75,50.8334755,4.2999365
16,-3,76,50.8334755,4.303497500000001
16,-2,91,50.8334755,4.3070585
16,-1,100,50.8334755,4.3106195000000005
16,0,124,50.8334755,4.3141805
16,2,66,50.8334755,4.3213025
16,3,513,50.8334755,4.3248635
16,4,58,50.8334755,4.328424500000001
16,5,366,50.8334755,4.3319855
16,6,977,50.8334755,4.3355465
16,7,75,50.8334755,4.3391075
16,8,382,50.8334755,4.3426685
16,9,247,50.8334755,4.346229500000001
16,10,416,50.8334755,4.3497905
16,11,45,50.8334755,4.3533515000000005
16,12,423,50.8334755,4.3569125
16,13,26,50.8334755,4.3604735
16,14,946,50.8334755,4.3640345
16,15,393,50.8334755,4.3675955
16,16,395,50.8334755,4.3711565000000006
16,17,293,50.8334755,4.3747175
16,18,108,50.8334755,4.3782785
16,19,119,50.8334755,4.3818395
16,20,192,50.8334755,4.3854005
16,21,452,50.8334755,4.388961500000001
16,22,305,50.8334755,4.3925225
16,23,258,50.8334755,4.3960835000000005
16,24,219,50.8334755,4.3996445
16,25,288,50.8334755,4.4032055
16,26,3,50.8334755,4.4067665
16,27,409,50.8334755,4.4103275
16,30,3,50.8334755,4.4210105
16,32,2,50.8334755,4.4281325
16,33,222,50.8334755,4.431693500000001
16,35,120,50.8334755,4.4388155000000005
16,36,72,50.8334755,4.4423765
16,37,95,50.8334755,4.4459375
16,39,70,50.8334755,4.4530595
16,42,28,50.8334755,4.4637425
16,43,15,50.8334755,4.4673035
17,-11,539,50.835722499999996,4.2750095
17,-9,160,50.835722499999996,4.2821315
17,-7,284,50.835722499999996,4.2892535
17,-6,147,50.835722499999996,4.2928145
17,-5,88,50.835722499999996,4.2963755
17,-4,15,50.835722499999996,4.2999365
17,-3,364,50.835722499999996,4.303497500000001
17,-2,320,50.835722499999996,4.3070585
17,-1,347,50.835722499999996,4.3106195000000005
17,0,506,50.835722499999996,4.3141805
17,1,49,50.835722499999996,4.3177415
17,2,200,50.835722499999996,4.3213025
17,3,401,50.835722499999996,4.3248635
17,4,130,50.835722499999996,4.328424500000001
17,5,429,50.835722499999996,4.3319855
17,6,17,50.835722499999996,4.3355465
17,7,1278,50.835722499999996,4.3391075
17,8,299,50.835722499999996,4.3426685
17,9,367,50.835722499999996,4.346229500000001
17,10,368,50.835722499999996,4.3497905
17,11,451,50.835722499999996,4.3533515000000005
17,12,1572,50.835722499999996,4.3569125
17,13,102,50.835722499999996,4.3604735
17,14,324,50.835722499999996,4.3640345
17,15,1427,50.835722499999996,4.3675955
17,16,345,50.835722499999996,4.3711565000000006
17,17,343,50.835722499999996,4.3747175
17,18,249,50.835722499999996,4.3782785
17,19,357,50.835722499999996,4.3818395
17,20,283,50.835722499999996,4.3854005
17,21,246,50.835722499999996,4.388961500000001
17,22,542,50.835722499999996,4.3925225
17,23,205,50.835722499999996,4.3960835000000005
17,24,178,50.835722499999996,4.3996445
17,25,268,50.835722499999996,4.4032055
17,26,77,50.835722499999996,4.4067665
17,27,260,50.835722499999996,4.4103275
17,28,304,50.835722499999996,4.4138885000000005
17,29,100,50.835722499999996,4.4174495
17,30,160,50.835722499999996,4.4210105
17,31,23,50.835722499999996,4.4245715
17,32,139,50.835722499999996,4.4281325
17,33,9,50.835722499999996,4.431693500000001
17,34,34,50.835722499999996,4.4352545
17,35,23,50.835722499999996,4.4388155000000005
17,40,143,50.835722499999996,4.4566205000000005
17,44,24,50.835722499999996,4.4708645
18,-16,24,50.8379695,4.2572045
18,-10,294,50.8379695,4.2785705
18,-9,48,50.8379695,4.2821315
18,-8,24,50.8379695,4.285692500000001
18,-7,17,50.8379695,4.2892535
18,-6,527,50.8379695,4.2928145
18,-5,47,50.8379695,4.2963755
18,-4,178,50.8379695,4.2999365
18,-3,163,50.8379695,4.303497500000001
18,-2,48,50.8379695,4.3070585
18,-1,133,50.8379695,4.3106195000000005
18,0,469,50.8379695,4.3141805
18,1,107,50.8379695,4.3177415
18,2,298,50.8379695,4.3213025
18,3,206,50.8379695,4.3248635
18,4,343,50.8379695,4.328424500000001
18,5,323,50.8379695,4.3319855
18,6,944,50.8379695,4.3355465
18,7,366,50.8379695,4.3391075
18,8,1033,50.8379695,4.3426685
18,9,717,50.8379695,4.346229500000001
18,10,423,50.8379695,4.3497905
18,11,798,50.8379695,4.3533515000000005
18,12,292,50.8379695,4.3569125
18,13,1083,50.8379695,4.3604735
18,14,957,50.8379695,4.3640345
18,15,290,50.8379695,4.3675955
18,16,170,50.8379695,4.3711565000000006
18,17,547,50.8379695,4.3747175
18,19,437,50.8379695,4.3818395
18,20,563,50.8379695,4.3854005
18,21,325,50.8379695,4.388961500000001
18,22,172,50.8379695,4.3925225
18,23,328,50.8379695,4.3960835000000005
18,24,546,50.8379695,4.3996445
18,25,148,50.8379695,4.4032055
18,26,217,50.8379695,4.4067665
18,27,112,50.8379695,4.4103275
18,28,218,50.8379695,4.4138885000000005
18,29,278,50.8379695,4.4174495
18,30,236,50.8379695,4.4210105
18,31,265,50.8379695,4.4245715
18,32,44,50.8379695,4.4281325
18,33,241,50.8379695,4.431693500000001
18,34,142,50.8379695,4.4352545
18,35,212,50.8379695,4.4388155000000005
18,36,308,50.8379695,4.4423765
18,38,3,50.8379695,4.4494985
18,41,24,50.8379695,4.4601815
18,43,162,50.8379695,4.4673035
19,-8,15,50.8402165,4.285692500000001
19,-7,585,50.8402165,4.2892535
19,-6,150,50.8402165,4.2928145
19,-5,212,50.8402165,4.2963755
19,-4,53,50.8402165,4.2999365
19,-3,185,50.8402165,4.303497500000001
19,-2,35,50.8402165,4.3070585
19,-1,100,50.8402165,4.3106195000000005
19,0,238,50.8402165,4.3141805
19,1,7,50.8402165,4.3177415
19,2,93,50.8402165,4.3213025
19,3,108,50.8402165,4.3248635
19,4,94,50.8402165,4.328424500000001
19,5,296,50.8402165,4.3319855
19,6,725,50.8402165,4.3355465
19,7,820,50.8402165,4.3391075
19,8,106,50.8402165,4.3426685
19,9,568,50.8402165,4.346229500000001
19,10,293,50.8402165,4.3497905
19,11,608,50.8402165,4.3533515000000005
19,12,1669,50.8402165,4.3569125
19,13,315,50.8402165,4.3604735
19,14,1039,50.8402165,4.3640345
19,15,778,50.8402165,4.3675955
19,16,1626,50.8402165,4.3711565000000006
19,17,713,50.8402165,4.3747175
19,18,156,50.8402165,4.3782785
19,19,218,50.8402165,4.3818395
19,20,385,50.8402165,4.3854005
19,22,2,50.8402165,4.3925225
19,23,241,50.8402165,4.3960835000000005
19,24,291,50.8402165,4.3996445
19,25,496,50.8402165,4.4032055
19,26,186,50.8402165,4.4067665
19,27,13,50.8402165,4.4103275
19,28,165,50.8402165,4.4138885000000005
19,29,10,50.8402165,4.4174495
19,30,62,50.8402165,4.4210105
19,31,270,50.8402165,4.4245715
19,33,338,50.8402165,4.431693500000001
19,34,300,50.8402165,4.4352545
19,35,65,50.8402165,4.4388155000000005
19,36,923,50.8402165,4.4423765
19,38,9,50.8402165,4.4494985
19,39,1,50.8402165,4.4530595
19,41,212,50.8402165,4.4601815
19,42,429,50.8402165,4.4637425
19,43,105,50.8402165,4.4673035
20,-7,122,50.8424635,4.2892535
20,-6,34,50.8424635,4.2928145
20,-5,18,50.8424635,4.2963755
20,-4,45,50.8424635,4.2999365
20,-3,7,50.8424635,4.303497500000001
20,-2,82,50.8424635,4.3070585
20,-1,1,50.8424635,4.3106195000000005
20,0,55,50.8424635,4.3141805
20,1,91,50.8424635,4.3177415
20,2,24,50.8424635,4.3213025
20,4,667,50.8424635,4.328424500000001
20,5,119,50.8424635,4.3319855
20,6,238,50.8424635,4.3355465
20,7,24,50.8424635,4.3391075
20,8,627,50.8424635,4.3426685
20,9,148,50.8424635,4.346229500000001
20,10,433,50.8424635,4.3497905
20,11,616,50.8424635,4.3533515000000005
20,12,404,50.8424635,4.3569125
20,13,996,50.8424635,4.3604735
20,14,418,50.8424635,4.3640345
20,15,484,50.8424635,4.3675955
20,16,1107,50.8424635,4.3711565000000006
20,17,532,50.8424635,4.3747175
20,18,503,50.8424635,4.3782785
20,19,181,50.8424635,4.3818395
20,20,536,50.8424635,4.3854005
20,21,268,50.8424635,4.388961500000001
20,22,477,50.8424635,4.3925225
20,23,403,50.8424635,4.3960835000000005
20,24,399,50.8424635,4.3996445
20,25,84,50.8424635,4.4032055
20,26,398,50.8424635,4.4067665
20,27,82,50.8424635,4.4103275
20,29,128,50.8424635,4.4174495
20,31,137,50.8424635,4.4245715
20,32,191,50.8424635,4.4281325
20,33,199,50.8424635,4.431693500000001
20,34,20,50.8424635,4.4352545
20,35,1,50.8424635,4.4388155000000005
20,36,37,50.8424635,4.4423765
20,38,510,50.8424635,4.4494985
20,39,186,50.8424635,4.4530595
20,40,27,50.8424635,4.4566205000000005
20,41,96,50.8424635,4.4601815
20,42,456,50.8424635,4.4637425
20,43,168,50.8424635,4.4673035
21,-7,312,50.8447105,4.2892535
21,-6,13,50.8447105,4.2928145
21,-5,55,50.8447105,4.2963755
21,-4,3,50.8447105,4.2999365
21,-3,33,50.8447105,4.303497500000001
21,-2,36,50.8447105,4.3070585
21,-1,301,50.8447105,4.3106195000000005
21,0,158,50.8447105,4.3141805
21,1,55,50.8447105,4.3177415
21,2,71,50.8447105,4.3213025
21,3,84,50.8447105,4.3248635
21,4,357,50.8447105,4.328424500000001
21,5,37,50.8447105,4.3319855
21,6,514,50.8447105,4.3355465
21,7,434,50.8447105,4.3391075
21,8,255,50.8447105,4.3426685
21,9,270,50.8447105,4.346229500000001
21,10,261,50.8447105,4.3497905
21,11,458,50.8447105,4.3533515000000005
21,12,1145,50.8447105,4.3569125
21,13,2193,50.8447105,4.3604735
21,15,1300,50.8447105,4.3675955
21,16,494,50.8447105,4.3711565000000006
21,17,235,50.8447105,4.3747175
21,18,391,50.8447105,4.3782785
21,19,274,50.8447105,4.3818395
21,20,354,50.8447105,4.3854005
21,21,407,50.8447105,4.388961500000001
21,22,185,50.8447105,4.3925225
21,23,378,50.8447105,4.3960835000000005
21,24,58,50.8447105,4.3996445
21,25,358,50.8447105,4.4032055
21,26,100,50.8447105,4.4067665
21,27,85,50.8447105,4.4103275
21,29,153,50.8447105,4.4174495
21,30,131,50.8447105,4.4210105
21,31,162,50.8447105,4.4245715
21,32,414,50.8447105,4.4281325
21,34,6,50.8447105,4.4352545
21,35,394,50.8447105,4.4388155000000005
21,36,56,50.8447105,4.4423765
21,37,195,50.8447105,4.4459375
21,39,1,50.8447105,4.4530595
21,40,87,50.8447105,4.4566205000000005
21,41,257,50.8447105,4.4601815
21,42,31,50.8447105,4.4637425
21,44,1,50.8447105,4.4708645
22,-6,433,50.846957499999995,4.2928145
22,-4,121,50.846957499999995,4.2999365
22,-3,135,50.846957499999995,4.303497500000001
22,-2,350,50.846957499999995,4.3070585
22,-1,155,50.846957499999995,4.3106195000000005
22,0,287,50.846957499999995,4.3141805
22,2,45,50.846957499999995,4.3213025
22,3,326,50.846957499999995,4.3248635
22,4,110,50.846957499999995,4.328424500000001
22,5,42,50.846957499999995,4.3319855
22,6,68,50.846957499999995,4.3355465
22,7,360,50.846957499999995,4.3391075
22,8,41,50.846957499999995,4.3426685
22,9,245,50.846957499999995,4.346229500000001
22,10,344,50.846957499999995,4.3497905
22,11,232,50.846957499999995,4.3533515000000005
22,12,2119,50.846957499999995,4.3569125
22,13,1389,50.846957499999995,4.3604735
22,14,994,50.846957499999995,4.3640345
22,15,245,50.846957499999995,4.3675955
22,16,377,50.846957499999995,4.3711565000000006
22,17,159,50.846957499999995,4.3747175
22,18,551,50.846957499999995,4.3782785
22,19,727,50.846957499999995,4.3818395
22,20,7,50.846957499999995,4.3854005
22,21,343,50.846957499999995,4.388961500000001
22,22,692,50.846957499999995,4.3925225
22,23,129,50.846957499999995,4.3960835000000005
22,24,217,50.846957499999995,4.3996445
22,25,456,50.846957499999995,4.4032055
22,26,199,50.846957499999995,4.4067665
22,27,199,50.846957499999995,4.4103275
22,28,88,50.846957499999995,4.4138885000000005
22,30,86,50.846957499999995,4.4210105
22,31,46,50.846957499999995,4.4245715
22,33,24,50.846957499999995,4.431693500000001
22,34,497,50.846957499999995,4.4352545
22,35,169,50.846957499999995,4.4388155000000005
22,36,57,50.846957499999995,4.4423765
22,37,2,50.846957499999995,4.4459375
22,38,116,50.846957499999995,4.4494985
22,39,97,50.846957499999995,4.4530595
22,40,122,50.846957499999995,4.4566205000000005
22,42,307,50.846957499999995,4.4637425
23,-10,1,50.8492045,4.2785705
23,-4,3,50.8492045,4.2999365
23,-3,168,50.8492045,4.303497500000001
23,-2,2,50.8492045,4.3070585
23,-1,28,50.8492045,4.3106195000000005
23,0,137,50.8492045,4.3141805
23,1,20,50.8492045,4.3177415
23,2,195,50.8492045,4.3213025
23,3,116,50.8492045,4.3248635
23,4,239,50.8492045,4.328424500000001
23,5,270,50.8492045,4.3319855
23,6,379,50.8492045,4.3355465
23,7,289,50.8492045,4.3391075
23,8,197,50.8492045,4.3426685
23,9,257,50.8492045,4.346229500000001
23,10,561,50.8492045,4.3497905
23,11,336,50.8492045,4.3533515000000005
23,12,646,50.8492045,4.3569125
23,13,583,50.8492045,4.3604735
23,14,2719,50.8492045,4.3640345
23,15,1363,50.8492045,4.3675955
23,16,302,50.8492045,4.3711565000000006
23,17,159,50.8492045,4.3747175
23,18,331,50.8492045,4.3782785
23,19,264,50.8492045,4.3818395
23,20,539,50.8492045,4.3854005
23,21,1493,50.8492045,4.388961500000001
23,22,25,50.8492045,4.3925225
23,24,382,50.8492045,4.3996445
23,25,81,50.8492045,4.4032055
23,26,1,50.8492045,4.4067665
23,27,153,50.8492045,4.4103275
23,28,79,50.8492045,4.4138885000000005
23,29,88,50.8492045,4.4174495
23,30,9,50.8492045,4.4210105
23,31,200,50.8492045,4.4245715
23,32,257,50.8492045,4.4281325
23,33,130,50.8492045,4.431693500000001
23,34,22,50.8492045,4.4352545
23,37,24,50.8492045,4.4459375
23,38,210,50.8492045,4.4494985
23,39,126,50.8492045,4.4530595
23,40,23,50.8492045,4.4566205000000005
23,41,562,50.8492045,4.4601815
23,42,276,50.8492045,4.4637425
24,-8,22,50.851451499999996,4.285692500000001
24,-4,38,50.851451499999996,4.2999365
24,-3,11,50.851451499999996,4.303497500000001
24,-2,2,50.851451499999996,4.3070585
24,-1,2,50.851451499999996,4.3106195000000005
24,0,11,50.851451499999996,4.3141805
24,1,220,50.851451499999996,4.3177415
24,2,7,50.851451499999996,4.3213025
24,3,59,50.851451499999996,4.3248635
24,4,17,50.851451499999996,4.328424500000001
24,5,25,50.851451499999996,4.3319855
24,6,103,50.851451499999996,4.3355465
24,7,168,50.851451499999996,4.3391075
24,8,489,50.851451499999996,4.3426685
24,9,353,50.851451499999996,4.346229500000001
24,10,740,50.851451499999996,4.3497905
24,11,695,50.851451499999996,4.3533515000000005
24,12,647,50.851451499999996,4.3569125
24,13,985,50.851451499999996,4.3604735
24,14,335,50.851451499999996,4.3640345
24,15,1198,50.851451499999996,4.3675955
24,16,3,50.851451499999996,4.3711565000000006
24,17,21,50.851451499999996,4.3747175
24,18,91,50.851451499999996,4.3782785
24,19,125,50.851451499999996,4.3818395
24,20,535,50.851451499999996,4.3854005
24,21,317,50.851451499999996,4.388961500000001
24,22,8,50.851451499999996,4.3925225
24,23,577,50.851451499999996,4.3960835000000005
24,24,438,50.851451499999996,4.3996445
24,25,172,50.851451499999996,4.4032055
24,26,222,50.851451499999996,4.4067665
24,28,36,50.851451499999996,4.4138885000000005
24,33,1,50.851451499999996,4.431693500000001
24,34,311,50.851451499999996,4.4352545
24,35,342,50.851451499999996,4.4388155000000005
24,38,290,50.851451499999996,4.4494985
24,39,111,50.851451499999996,4.4530595
24,40,86,50.851451499999996,4.4566205000000005
24,41,13,50.851451499999996,4.4601815
24,54,7,50.851451499999996,4.5064745
25,-8,2,50.8536985,4.285692500000001
25,-3,177,50.8536985,4.303497500000001
25,-2,76,50.8536985,4.3070585
25,0,18,50.8536985,4.3141805
25,1,15,50.8536985,4.3177415
25,2,16,50.8536985,4.3213025
25,4,51,50.8536985,4.328424500000001
25,5,82,50.8536985,4.3319855
25,6,32,50.8536985,4.3355465
25,7,384,50.8536985,4.3391075
25,8,78,50.8536985,4.3426685
25,9,605,50.8536985,4.346229500000001
25,10,281,50.8536985,4.3497905
25,11,232,50.8536985,4.3533515000000005
25,12,14,50.8536985,4.3569125
25,13,356,50.8536985,4.3604735
25,14,856,50.8536985,4.3640345
25,15,1045,50.8536985,4.3675955
25,16,169,50.8536985,4.3711565000000006
25,17,125,50.8536985,4.3747175
25,18,390,50.8536985,4.3782785
25,19,204,50.8536985,4.3818395
25,20,5,50.8536985,4.3854005
25,21,365,50.8536985,4.388961500000001
25,22,459,50.8536985,4.3925225
25,23,351,50.8536985,4.3960835000000005
25,24,315,50.8536985,4.3996445
25,27,89,50.8536985,4.4103275
25,29,130,50.8536985,4.4174495
25,31,405,50.8536985,4.4245715
25,33,152,50.8536985,4.431693500000001
25,34,24,50.8536985,4.4352545
25,35,350,50.8536985,4.4388155000000005
25,36,24,50.8536985,4.4423765
25,38,7,50.8536985,4.4494985
25,39,84,50.8536985,4.4530595
25,42,7,50.8536985,4.4637425
26,-5,24,50.8559455,4.2963755
26,-1,215,50.8559455,4.3106195000000005
26,0,190,50.8559455,4.3141805
26,1,56,50.8559455,4.3177415
26,2,25,50.8559455,4.3213025
26,3,43,50.8559455,4.3248635
26,4,196,50.8559455,4.328424500000001
26,5,102,50.8559455,4.3319855
26,6,17,50.8559455,4.3355465
26,7,17,50.8559455,4.3391075
26,8,21,50.8559455,4.3426685
26,9,509,50.8559455,4.346229500000001
26,10,562,50.8559455,4.3497905
26,11,598,50.8559455,4.3533515000000005
26,12,659,50.8559455,4.3569125
26,13,1022,50.8559455,4.3604735
26,14,531,50.8559455,4.3640345
26,15,437,50.8559455,4.3675955
26,16,36,50.8559455,4.3711565000000006
26,17,11,50.8559455,4.3747175
26,18,3,50.8559455,4.3782785
26,20,445,50.8559455,4.3854005
26,21,417,50.8559455,4.388961500000001
26,22,2,50.8559455,4.3925225
26,23,23,50.8559455,4.3960835000000005
26,24,230,50.8559455,4.3996445
26,25,353,50.8559455,4.4032055
26,26,92,50.8559455,4.4067665
26,27,82,50.8559455,4.4103275
26,28,226,50.8559455,4.4138885000000005
26,29,43,50.8559455,4.4174495
26,31,7,50.8559455,4.4245715
26,32,197,50.8559455,4.4281325
26,33,575,50.8559455,4.431693500000001
26,35,57,50.8559455,4.4388155000000005
26,37,261,50.8559455,4.4459375
26,38,24,50.8559455,4.4494985
27,-9,22,50.8581925,4.2821315
27,-4,5,50.8581925,4.2999365
27,-2,69,50.8581925,4.3070585
27,0,524,50.8581925,4.3141805
27,1,128,50.8581925,4.3177415
27,2,95,50.8581925,4.3213025
27,3,99,50.8581925,4.3248635
27,4,97,50.8581925,4.328424500000001
27,5,255,50.8581925,4.3319855
27,6,190,50.8581925,4.3355465
27,7,20,50.8581925,4.3391075
27,8,10,50.8581925,4.3426685
27,9,66,50.8581925,4.346229500000001
27,10,534,50.8581925,4.3497905
27,11,100,50.8581925,4.3533515000000005
27,12,1,50.8581925,4.3569125
27,13,2704,50.8581925,4.3604735
27,14,85,50.8581925,4.3640345
27,15,51,50.8581925,4.3675955
27,16,927,50.8581925,4.3711565000000006
27,17,381,50.8581925,4.3747175
27,18,34,50.8581925,4.3782785
27,19,33,50.8581925,4.3818395
27,20,356,50.8581925,4.3854005
27,21,17,50.8581925,4.388961500000001
27,22,105,50.8581925,4.3925225
27,23,226,50.8581925,4.3960835000000005
27,24,158,50.8581925,4.3996445
27,26,71,50.8581925,4.4067665
27,27,143,50.8581925,4.4103275
27,28,191,50.8581925,4.4138885000000005
27,29,182,50.8581925,4.4174495
27,31,24,50.8581925,4.4245715
27,32,24,50.8581925,4.4281325
27,35,77,50.8581925,4.4388155000000005
27,36,235,50.8581925,4.4423765
28,-9,21,50.8604395,4.2821315
28,-8,149,50.8604395,4.285692500000001
28,-7,33,50.8604395,4.2892535
28,-6,39,50.8604395,4.2928145
28,-5,154,50.8604395,4.2963755
28,-4,186,50.8604395,4.2999365
28,-2,98,50.8604395,4.3070585
28,-1,155,50.8604395,4.3106195000000005
28,0,13,50.8604395,4.3141805
28,1,121,50.8604395,4.3177415
28,2,49,50.8604395,4.3213025
28,3,61,50.8604395,4.3248635
28,4,1162,50.8604395,4.328424500000001
28,5,75,50.8604395,4.3319855
28,6,42,50.8604395,4.3355465
28,7,363,50.8604395,4.3391075
28,8,196,50.8604395,4.3426685
28,9,8,50.8604395,4.346229500000001
28,10,152,50.8604395,4.3497905
28,11,4,50.8604395,4.3533515000000005
28,12,640,50.8604395,4.3569125
28,13,1204,50.8604395,4.3604735
28,14,553,50.8604395,4.3640345
28,15,461,50.8604395,4.3675955
28,16,286,50.8604395,4.3711565000000006
28,17,138,50.8604395,4.3747175
28,18,400,50.8604395,4.3782785
28,19,21,50.8604395,4.3818395
28,20,229,50.8604395,4.3854005
28,21,110,50.8604395,4.388961500000001
28,22,167,50.8604395,4.3925225
28,23,1,50.8604395,4.3960835000000005
28,24,27,50.8604395,4.3996445
28,25,218,50.8604395,4.4032055
28,26,169,50.8604395,4.4067665
28,27,46,50.8604395,4.4103275
28,29,334,50.8604395,4.4174495
28,30,371,50.8604395,4.4210105
28,32,3,50.8604395,4.4281325
28,36,42,50.8604395,4.4423765
29,-6,47,50.862686499999995,4.2928145
29,-3,75,50.862686499999995,4.303497500000001
29,-2,85,50.862686499999995,4.3070585
29,0,23,50.862686499999995,4.3141805
29,1,292,50.862686499999995,4.3177415
29,2,191,50.862686499999995,4.3213025
29,3,263,50.862686499999995,4.3248635
29,4,344,50.862686499999995,4.328424500000001
29,5,440,50.862686499999995,4.3319855
29,6,399,50.862686499999995,4.3355465
29,7,256,50.862686499999995,4.3391075
29,8,20,50.862686499999995,4.3426685
29,9,733,50.862686499999995,4.346229500000001
29,10,350,50.862686499999995,4.3497905
29,11,212,50.862686499999995,4.3533515000000005
29,12,71,50.862686499999995,4.3569125
29,13,1563,50.862686499999995,4.3604735
29,14,305,50.862686499999995,4.3640345
29,15,173,50.862686499999995,4.3675955
29,16,422,50.862686499999995,4.3711565000000006
29,17,117,50.862686499999995,4.3747175
29,18,145,50.862686499999995,4.3782785
29,19,211,50.862686499999995,4.3818395
29,20,166,50.862686499999995,4.3854005
29,21,81,50.862686499999995,4.388961500000001
29,22,76,50.862686499999995,4.3925225
29,24,312,50.862686499999995,4.3996445
29,25,73,50.862686499999995,4.4032055
29,26,18,50.862686499999995,4.4067665
29,27,137,50.862686499999995,4.4103275
29,29,510,50.862686499999995,4.4174495
29,30,470,50.862686499999995,4.4210105
29,31,280,50.862686499999995,4.4245715
29,32,12,50.862686499999995,4.4281325
29,34,5,50.862686499999995,4.4352545
30,-15,4,50.8649335,4.260765500000001
30,-13,24,50.8649335,4.2678875000000005
30,-8,133,50.8649335,4.285692500000001
30,-7,2,50.8649335,4.2892535
30,-6,1,50.8649335,4.2928145
30,-5,58,50.8649335,4.2963755
30,-4,306,50.8649335,4.2999365
30,-3,49,50.8649335,4.303497500000001
30,-2,82,50.8649335,4.3070585
30,-1,1,50.8649335,4.3106195000000005
30,0,245,50.8649335,4.3141805
30,1,193,50.8649335,4.3177415
30,2,53,50.8649335,4.3213025
30,3,58,50.8649335,4.3248635
30,4,155,50.8649335,4.328424500000001
30,5,4,50.8649335,4.3319855
30,6,38,50.8649335,4.3355465
30,7,585,50.8649335,4.3391075
30,8,453,50.8649335,4.3426685
30,9,388,50.8649335,4.346229500000001
30,10,38,50.8649335,4.3497905
30,11,763,50.8649335,4.3533515000000005
30,12,64,50.8649335,4.3569125
30,13,789,50.8649335,4.3604735
30,14,60,50.8649335,4.3640345
30,15,233,50.8649335,4.3675955
30,16,497,50.8649335,4.3711565000000006
30,17,101,50.8649335,4.3747175
30,18,47,50.8649335,4.3782785
30,19,136,50.8649335,4.3818395
30,21,346,50.8649335,4.388961500000001
30,23,131,50.8649335,4.3960835000000005
30,25,58,50.8649335,4.4032055
30,26,150,50.8649335,4.4067665
30,29,14,50.8649335,4.4174495
30,30,110,50.8649335,4.4210105
30,31,227,50.8649335,4.4245715
31,-10,24,50.867180499999996,4.2785705
31,-8,305,50.867180499999996,4.285692500000001
31,-7,176,50.867180499999996,4.2892535
31,-6,24,50.867180499999996,4.2928145
31,-5,327,50.867180499999996,4.2963755
31,-3,95,50.867180499999996,4.303497500000001
31,-2,202,50.867180499999996,4.3070585
31,-1,18,50.867180499999996,4.3106195000000005
31,0,353,50.867180499999996,4.3141805
31,1,12,50.867180499999996,4.3177415
31,2,142,50.867180499999996,4.3213025
31,3,492,50.867180499999996,4.3248635
31,4,139,50.867180499999996,4.328424500000001
31,5,242,50.867180499999996,4.3319855
31,6,559,50.867180499999996,4.3355465
31,7,13,50.867180499999996,4.3391075
31,8,38,50.867180499999996,4.3426685
31,9,13,50.867180499999996,4.346229500000001
31,10,290,50.867180499999996,4.3497905
31,11,198,50.867180499999996,4.3533515000000005
31,12,18,50.867180499999996,4.3569125
31,13,47,50.867180499999996,4.3604735
31,14,231,50.867180499999996,4.3640345
31,15,247,50.867180499999996,4.3675955
31,16,41,50.867180499999996,4.3711565000000006
31,17,440,50.867180499999996,4.3747175
31,18,140,50.867180499999996,4.3782785
31,19,385,50.867180499999996,4.3818395
31,20,83,50.867180499999996,4.3854005
31,21,567,50.867180499999996,4.388961500000001
31,22,214,50.867180499999996,4.3925225
31,23,287,50.867180499999996,4.3960835000000005
31,24,17,50.867180499999996,4.3996445
31,25,162,50.867180499999996,4.4032055
31,26,214,50.867180499999996,4.4067665
31,27,4,50.867180499999996,4.4103275
31,31,37,50.867180499999996,4.4245715
32,-7,729,50.8694275,4.2892535
32,-6,2,50.8694275,4.2928145
32,-5,217,50.8694275,4.2963755
32,-2,138,50.8694275,4.3070585
32,-1,38,50.8694275,4.3106195000000005
32,0,477,50.8694275,4.3141805
32,1,64,50.8694275,4.3177415
32,2,177,50.8694275,4.3213025
32,3,114,50.8694275,4.3248635
32,4,177,50.8694275,4.328424500000001
32,5,92,50.8694275,4.3319855
32,6,276,50.8694275,4.3355465
32,7,91,50.8694275,4.3391075
32,8,139,50.8694275,4.3426685
32,9,3,50.8694275,4.346229500000001
32,10,106,50.8694275,4.3497905
32,11,163,50.8694275,4.3533515000000005
32,12,6,50.8694275,4.3569125
32,13,24,50.8694275,4.3604735
32,14,46,50.8694275,4.3640345
32,15,169,50.8694275,4.3675955
32,16,224,50.8694275,4.3711565000000006
32,17,76,50.8694275,4.3747175
32,18,356,50.8694275,4.3782785
32,19,62,50.8694275,4.3818395
32,20,412,50.8694275,4.3854005
32,22,370,50.8694275,4.3925225
32,24,235,50.8694275,4.3996445
32,25,64,50.8694275,4.4032055
32,27,21,50.8694275,4.4103275
32,29,106,50.8694275,4.4174495
32,30,252,50.8694275,4.4210105
32,32,24,50.8694275,4.4281325
33,-7,35,50.8716745,4.2892535
33,-6,471,50.8716745,4.2928145
33,-5,634,50.8716745,4.2963755
33,-3,229,50.8716745,4.303497500000001
33,-2,82,50.8716745,4.3070585
33,-1,127,50.8716745,4.3106195000000005
33,0,296,50.8716745,4.3141805
33,1,62,50.8716745,4.3177415
33,2,117,50.8716745,4.3213025
33,3,279,50.8716745,4.3248635
33,4,189,50.8716745,4.328424500000001
33,5,121,50.8716745,4.3319855
33,6,154,50.8716745,4.3355465
33,7,29,50.8716745,4.3391075
33,8,143,50.8716745,4.3426685
33,9,113,50.8716745,4.346229500000001
33,10,246,50.8716745,4.3497905
33,11,7,50.8716745,4.3533515000000005
33,13,232,50.8716745,4.3604735
33,14,67,50.8716745,4.3640345
33,16,226,50.8716745,4.3711565000000006
33,17,87,50.8716745,4.3747175
33,18,113,50.8716745,4.3782785
33,19,115,50.8716745,4.3818395
33,20,486,50.8716745,4.3854005
33,21,30,50.8716745,4.388961500000001
33,22,202,50.8716745,4.3925225
33,23,96,50.8716745,4.3960835000000005
33,24,582,50.8716745,4.3996445
33,25,76,50.8716745,4.4032055
33,26,295,50.8716745,4.4067665
33,27,33,50.8716745,4.4103275
34,-6,23,50.8739215,4.2928145
34,-5,8,50.8739215,4.2963755
34,-3,297,50.8739215,4.303497500000001
34,-2,335,50.8739215,4.3070585
34,-1,22,50.8739215,4.3106195000000005
34,0,163,50.8739215,4.3141805
34,1,3,50.8739215,4.3177415
34,2,211,50.8739215,4.3213025
34,3,246,50.8739215,4.3248635
34,4,114,50.8739215,4.328424500000001
34,5,47,50.8739215,4.3319855
34,6,383,50.8739215,4.3355465
34,7,138,50.8739215,4.3391075
34,8,109,50.8739215,4.3426685
34,9,141,50.8739215,4.346229500000001
34,10,8,50.8739215,4.3497905
34,11,258,50.8739215,4.3533515000000005
34,12,143,50.8739215,4.3569125
34,13,157,50.8739215,4.3604735
34,14,3,50.8739215,4.3640345
34,15,73,50.8739215,4.3675955
34,17,528,50.8739215,4.3747175
34,18,179,50.8739215,4.3782785
34,19,84,50.8739215,4.3818395
34,20,112,50.8739215,4.3854005
34,21,739,50.8739215,4.388961500000001
34,22,34,50.8739215,4.3925225
34,23,26,50.8739215,4.3960835000000005
34,24,8,50.8739215,4.3996445
34,25,243,50.8739215,4.4032055
34,26,17,50.8739215,4.4067665
34,27,67,50.8739215,4.4103275
34,28,195,50.8739215,4.4138885000000005
34,54,24,50.8739215,4.5064745
35,-3,91,50.8761685,4.303497500000001
35,-2,149,50.8761685,4.3070585
35,-1,97,50.8761685,4.3106195000000005
35,0,182,50.8761685,4.3141805
35,1,160,50.8761685,4.3177415
35,2,60,50.8761685,4.3213025
35,3,180,50.8761685,4.3248635
35,4,237,50.8761685,4.328424500000001
35,5,104,50.8761685,4.3319855
35,6,389,50.8761685,4.3355465
35,7,25,50.8761685,4.3391075
35,8,470,50.8761685,4.3426685
35,9,201,50.8761685,4.346229500000001
35,10,6,50.8761685,4.3497905
35,11,121,50.8761685,4.3533515000000005
35,12,63,50.8761685,4.3569125
35,13,36,50.8761685,4.3604735
35,14,42,50.8761685,4.3640345
35,15,35,50.8761685,4.3675955
35,16,30,50.8761685,4.3711565000000006
35,17,23,50.8761685,4.3747175
35,18,127,50.8761685,4.3782785
35,19,153,50.8761685,4.3818395
35,20,221,50.8761685,4.3854005
35,21,45,50.8761685,4.388961500000001
35,22,80,50.8761685,4.3925225
35,23,93,50.8761685,4.3960835000000005
35,24,228,50.8761685,4.3996445
35,25,42,50.8761685,4.4032055
35,26,110,50.8761685,4.4067665
35,27,640,50.8761685,4.4103275
35,28,3,50.8761685,4.4138885000000005
36,-3,141,50.878415499999996,4.303497500000001
36,-2,139,50.878415499999996,4.3070585
36,-1,242,50.878415499999996,4.3106195000000005
36,0,110,50.878415499999996,4.3141805
36,1,80,50.878415499999996,4.3177415
36,2,174,50.878415499999996,4.3213025
36,3,96,50.878415499999996,4.3248635
36,4,116,50.878415499999996,4.328424500000001
36,5,80,50.878415499999996,4.3319855
36,6,150,50.878415499999996,4.3355465
36,7,452,50.878415499999996,4.3391075
36,8,28,50.878415499999996,4.3426685
36,9,143,50.878415499999996,4.346229500000001
36,10,148,50.878415499999996,4.3497905
36,11,127,50.878415499999996,4.3533515000000005
36,12,351,50.878415499999996,4.3569125
36,16,63,50.878415499999996,4.3711565000000006
36,17,1094,50.878415499999996,4.3747175
36,18,254,50.878415499999996,4.3782785
36,19,81,50.878415499999996,4.3818395
36,20,411,50.878415499999996,4.3854005
36,21,288,50.878415499999996,4.388961500000001
36,22,383,50.878415499999996,4.3925225
36,23,24,50.878415499999996,4.3960835000000005
36,25,99,50.878415499999996,4.4032055
36,26,79,50.878415499999996,4.4067665
36,27,499,50.878415499999996,4.4103275
36,28,11,50.878415499999996,4.4138885000000005
36,33,4,50.878415499999996,4.431693500000001
37,-3,117,50.8806625,4.303497500000001
37,2,126,50.8806625,4.3213025
37,3,78,50.8806625,4.3248635
37,4,523,50.8806625,4.328424500000001
37,5,4,50.8806625,4.3319855
37,6,61,50.8806625,4.3355465
37,7,110,50.8806625,4.3391075
37,8,455,50.8806625,4.3426685
37,9,266,50.8806625,4.346229500000001
37,11,165,50.8806625,4.3533515000000005
37,12,146,50.8806625,4.3569125
37,16,15,50.8806625,4.3711565000000006
37,17,143,50.8806625,4.3747175
37,18,24,50.8806625,4.3782785
37,20,1,50.8806625,4.3854005
37,23,19,50.8806625,4.3960835000000005
37,24,301,50.8806625,4.3996445
37,25,248,50.8806625,4.4032055
38,-2,24,50.8829095,4.3070585
38,1,41,50.8829095,4.3177415
38,2,100,50.8829095,4.3213025
38,5,235,50.8829095,4.3319855
38,6,142,50.8829095,4.3355465
38,7,17,50.8829095,4.3391075
38,8,321,50.8829095,4.3426685
38,9,179,50.8829095,4.346229500000001
38,10,29,50.8829095,4.3497905
38,11,18,50.8829095,4.3533515000000005
38,20,155,50.8829095,4.3854005
38,25,44,50.8829095,4.4032055
38,26,331,50.8829095,4.4067665
38,27,48,50.8829095,4.4103275
38,37,24,50.8829095,4.4459375
39,-2,13,50.8851565,4.3070585
39,-1,52,50.8851565,4.3106195000000005
39,0,149,50.8851565,4.3141805
39,1,304,50.8851565,4.3177415
39,3,87,50.8851565,4.3248635
39,4,4,50.8851565,4.328424500000001
39,5,563,50.8851565,4.3319855
39,6,210,50.8851565,4.3355465
39,7,43,50.8851565,4.3391075
39,8,159,50.8851565,4.3426685
39,10,37,50.8851565,4.3497905
39,11,91,50.8851565,4.3533515000000005
39,21,2,50.8851565,4.388961500000001
39,26,18,50.8851565,4.4067665
39,30,18,50.8851565,4.4210105
39,32,12,50.8851565,4.4281325
39,44,24,50.8851565,4.4708645
40,-1,51,50.8874035,4.3106195000000005
40,0,98,50.8874035,4.3141805
40,1,212,50.8874035,4.3177415
40,2,113,50.8874035,4.3213025
40,4,311,50.8874035,4.328424500000001
40,6,31,50.8874035,4.3355465
40,7,446,50.8874035,4.3391075
40,8,219,50.8874035,4.3426685
40,9,24,50.8874035,4.346229500000001
40,11,128,50.8874035,4.3533515000000005
40,12,68,50.8874035,4.3569125
40,18,142,50.8874035,4.3782785
40,29,24,50.8874035,4.4174495
40,30,11,50.8874035,4.4210105
41,-10,24,50.8896505,4.2785705
41,0,354,50.8896505,4.3141805
41,1,254,50.8896505,4.3177415
41,2,126,50.8896505,4.3213025
41,3,150,50.8896505,4.3248635
41,4,248,50.8896505,4.328424500000001
41,6,380,50.8896505,4.3355465
41,7,331,50.8896505,4.3391075
41,8,234,50.8896505,4.3426685
41,9,430,50.8896505,4.346229500000001
41,11,24,50.8896505,4.3533515000000005
41,16,8,50.8896505,4.3711565000000006
41,17,106,50.8896505,4.3747175
41,18,43,50.8896505,4.3782785
41,19,3,50.8896505,4.3818395
41,20,304,50.8896505,4.3854005
41,22,95,50.8896505,4.3925225
41,28,24,50.8896505,4.4138885000000005
41,29,877,50.8896505,4.4174495
41,30,917,50.8896505,4.4210105
41,32,25,50.8896505,4.4281325
42,0,225,50.8918975,4.3141805
42,1,121,50.8918975,4.3177415
42,2,412,50.8918975,4.3213025
42,3,264,50.8918975,4.3248635
42,4,217,50.8918975,4.328424500000001
42,8,25,50.8918975,4.3426685
42,9,27,50.8918975,4.346229500000001
42,14,2,50.8918975,4.3640345
42,15,25,50.8918975,4.3675955
42,16,15,50.8918975,4.3711565000000006
42,17,13,50.8918975,4.3747175
42,18,29,50.8918975,4.3782785
42,19,16,50.8918975,4.3818395
42,24,24,50.8918975,4.3996445
42,29,519,50.8918975,4.4174495
42,30,492,50.8918975,4.4210105
42,32,5,50.8918975,4.4281325
42,36,24,50.8918975,4.4423765
43,0,139,50.894144499999996,4.3141805
43,1,309,50.894144499999996,4.3177415
43,2,45,50.894144499999996,4.3213025
43,4,292,50.894144499999996,4.328424500000001
43,5,438,50.894144499999996,4.3319855
43,6,29,50.894144499999996,4.3355465
43,7,3,50.894144499999996,4.3391075
43,8,216,50.894144499999996,4.3426685
43,9,5,50.894144499999996,4.346229500000001
43,10,124,50.894144499999996,4.3497905
43,11,45,50.894144499999996,4.3533515000000005
43,12,88,50.894144499999996,4.3569125
43,14,11,50.894144499999996,4.3640345
43,16,27,50.894144499999996,4.3711565000000006
43,18,179,50.894144499999996,4.3782785
43,19,411,50.894144499999996,4.3818395
43,21,9,50.894144499999996,4.388961500000001
43,22,9,50.894144499999996,4.3925225
43,29,7,50.894144499999996,4.4174495
43,30,5,50.894144499999996,4.4210105
43,33,26,50.894144499999996,4.431693500000001
43,34,3,50.894144499999996,4.4352545
44,0,25,50.8963915,4.3141805
44,2,50,50.8963915,4.3213025
44,3,31,50.8963915,4.3248635
44,4,685,50.8963915,4.328424500000001
44,6,53,50.8963915,4.3355465
44,7,294,50.8963915,4.3391075
44,8,15,50.8963915,4.3426685
44,9,24,50.8963915,4.346229500000001
44,10,48,50.8963915,4.3497905
44,11,2,50.8963915,4.3533515000000005
44,12,191,50.8963915,4.3569125
44,13,11,50.8963915,4.3604735
44,14,33,50.8963915,4.3640345
44,16,174,50.8963915,4.3711565000000006
44,17,43,50.8963915,4.3747175
44,18,95,50.8963915,4.3782785
44,19,20,50.8963915,4.3818395
44,20,15,50.8963915,4.3854005
44,21,259,50.8963915,4.388961500000001
44,22,24,50.8963915,4.3925225
44,23,18,50.8963915,4.3960835000000005
44,29,9,50.8963915,4.4174495
44,30,10,50.8963915,4.4210105
44,33,31,50.8963915,4.431693500000001
45,2,1,50.8986385,4.3213025
45,3,37,50.8986385,4.3248635
45,4,622,50.8986385,4.328424500000001
45,5,81,50.8986385,4.3319855
45,6,44,50.8986385,4.3355465
45,7,3,50.8986385,4.3391075
45,9,226,50.8986385,4.346229500000001
45,11,46,50.8986385,4.3533515000000005
45,12,404,50.8986385,4.3569125
45,13,19,50.8986385,4.3604735
45,14,256,50.8986385,4.3640345
45,15,34,50.8986385,4.3675955
45,17,50,50.8986385,4.3747175
45,20,104,50.8986385,4.3854005
45,22,31,50.8986385,4.3925225
45,23,491,50.8986385,4.3960835000000005
45,24,33,50.8986385,4.3996445
45,25,275,50.8986385,4.4032055
46,4,69,50.9008855,4.328424500000001
46,6,127,50.9008855,4.3355465
46,9,162,50.9008855,4.346229500000001
46,10,149,50.9008855,4.3497905
46,12,1084,50.9008855,4.3569125
46,13,68,50.9008855,4.3604735
46,14,548,50.9008855,4.3640345
46,15,19,50.9008855,4.3675955
46,18,5,50.9008855,4.3782785
46,20,119,50.9008855,4.3854005
46,24,46,50.9008855,4.3996445
46,31,24,50.9008855,4.4245715
47,-1,24,50.9031325,4.3106195000000005
47,7,25,50.9031325,4.3391075
47,8,8,50.9031325,4.3426685
47,13,56,50.9031325,4.3604735
47,31,10,50.9031325,4.4245715
47,32,14,50.9031325,4.4281325
48,12,24,50.905379499999995,4.3569125
48,21,12,50.905379499999995,4.388961500000001
48,26,402,50.905379499999995,4.4067665
48,28,13,50.905379499999995,4.4138885000000005
48,29,24,50.905379499999995,4.4174495
48,30,6,50.905379499999995,4.4210105
49,12,24,50.9076265,4.3569125
49,21,19,50.9076265,4.388961500000001
49,24,290,50.9076265,4.3996445
49,26,180,50.9076265,4.4067665
49,28,24,50.9076265,4.4138885000000005
49,34,24,50.9076265,4.4352545
50,12,24,50.909873499999996,4.3569125
50,21,48,50.909873499999996,4.388961500000001
50,22,58,50.909873499999996,4.3925225
50,30,24,50.909873499999996,4.4210105
51,13,24,50.9121205,4.3604735
51,21,72,50.9121205,4.388961500000001
51,22,24,50.9121205,4.3925225
52,22,24,50.9143675,4.3925225
53,29,24,50.9166145,4.4174495
56,-68,24,50.9233555,4.072032500000001
470,420,24,51.8536135,5.8098005
